"model","inv","invSQ","epu","fc","divida","cv","tamanho","sargan","m2"
1,NA,NA,NA,NA,NA,NA,NA,0.407979249653953,0.743328594500293
2,NA,NA,NA,NA,NA,NA,NA,0.937145009097925,0.881346170887603
3,NA,NA,NA,NA,NA,NA,NA,0.962078568435861,0.884161843240923
4,NA,NA,NA,NA,NA,NA,NA,0.972304363566938,0.905197794645824
5,NA,NA,NA,NA,NA,NA,NA,0.980137868617475,0.900897271735937
6,NA,NA,NA,NA,NA,NA,NA,0.990953977589297,0.906497457356837
7,NA,NA,NA,NA,NA,NA,NA,0.993020365824026,0.940823960197406
8,NA,NA,NA,NA,NA,NA,NA,0.995365145807219,0.939959604043339
9,NA,NA,NA,NA,NA,NA,NA,0.996578957716635,0.972113415438422
10,NA,NA,NA,NA,NA,NA,NA,0.996578957716635,0.972113415438422
11,NA,NA,NA,NA,NA,NA,NA,0.268853317184348,0.869731575940966
12,NA,NA,NA,NA,NA,NA,NA,0.882241155050331,0.833889269847745
13,NA,NA,NA,NA,NA,NA,NA,0.851073229952516,0.872853237046463
14,NA,NA,NA,NA,NA,NA,NA,0.931892457272175,0.866763772697012
15,NA,NA,NA,NA,NA,NA,NA,0.933198167458028,0.884832216966428
16,NA,NA,NA,NA,NA,NA,NA,0.971084538864448,0.904434685396019
17,NA,NA,NA,NA,NA,NA,NA,0.976709066193033,0.911586256037061
18,NA,NA,NA,NA,NA,NA,NA,0.977092070253273,0.940864414228006
19,NA,NA,NA,NA,NA,NA,NA,0.977092070253273,0.940864414228006
20,NA,NA,NA,NA,NA,NA,NA,0.388527709140073,0.659957400551683
21,NA,NA,NA,NA,NA,NA,NA,0.944161054702852,0.767693386935112
22,NA,NA,NA,NA,NA,NA,NA,0.974332888229971,0.78012617463848
23,NA,NA,NA,NA,NA,NA,NA,0.987628664574559,0.789678428380936
24,NA,NA,NA,NA,NA,NA,NA,0.982954275834342,0.745595207650214
25,NA,NA,NA,NA,NA,NA,NA,0.981368693525185,0.731073753174355
26,NA,NA,NA,NA,NA,NA,NA,0.972335083073853,0.663393245014368
27,NA,NA,NA,NA,NA,NA,NA,0.972335083073853,0.663393245014368
28,NA,NA,NA,NA,NA,NA,NA,0.315528574305094,0.774435198773876
29,NA,NA,NA,NA,NA,NA,NA,0.964179023506115,0.829843495671399
30,NA,NA,NA,NA,NA,NA,NA,0.960589437842552,0.834432549829555
31,NA,NA,NA,NA,NA,NA,NA,0.96967305557872,0.750997158394504
32,NA,NA,NA,NA,NA,NA,NA,0.945903756886956,0.717270918057351
33,NA,NA,NA,NA,NA,NA,NA,0.953646960535222,0.707459863247461
34,NA,NA,NA,NA,NA,NA,NA,0.953646960535222,0.707459863247461
35,NA,NA,NA,NA,NA,NA,NA,0.407979249653953,0.743328594500293
36,NA,NA,NA,NA,NA,NA,NA,0.937145009097925,0.881346170887603
37,NA,NA,NA,NA,NA,NA,NA,0.962078568435861,0.884161843240923
38,NA,NA,NA,NA,NA,NA,NA,0.972304363566938,0.905197794645824
39,NA,NA,NA,NA,NA,NA,NA,0.980137868617475,0.900897271735937
40,NA,NA,NA,NA,NA,NA,NA,0.990953977589297,0.906497457356837
41,NA,NA,NA,NA,NA,NA,NA,0.993020365824026,0.940823960197406
42,NA,NA,NA,NA,NA,NA,NA,0.995365145807219,0.939959604043339
43,NA,NA,NA,NA,NA,NA,NA,0.996578957716635,0.972113415438422
44,NA,NA,NA,NA,NA,NA,NA,0.996578957716635,0.972113415438422
45,NA,NA,NA,NA,NA,NA,NA,0.268853317184348,0.869731575940966
46,NA,NA,NA,NA,NA,NA,NA,0.882241155050331,0.833889269847745
47,NA,NA,NA,NA,NA,NA,NA,0.851073229952516,0.872853237046463
48,NA,NA,NA,NA,NA,NA,NA,0.931892457272175,0.866763772697012
49,NA,NA,NA,NA,NA,NA,NA,0.933198167458028,0.884832216966428
50,NA,NA,NA,NA,NA,NA,NA,0.971084538864448,0.904434685396019
51,NA,NA,NA,NA,NA,NA,NA,0.976709066193033,0.911586256037061
52,NA,NA,NA,NA,NA,NA,NA,0.977092070253273,0.940864414228006
53,NA,NA,NA,NA,NA,NA,NA,0.977092070253273,0.940864414228006
54,NA,NA,NA,NA,NA,NA,NA,0.388527709140073,0.659957400551683
55,NA,NA,NA,NA,NA,NA,NA,0.944161054702852,0.767693386935112
56,NA,NA,NA,NA,NA,NA,NA,0.974332888229971,0.78012617463848
57,NA,NA,NA,NA,NA,NA,NA,0.987628664574559,0.789678428380936
58,NA,NA,NA,NA,NA,NA,NA,0.982954275834342,0.745595207650214
59,NA,NA,NA,NA,NA,NA,NA,0.981368693525185,0.731073753174355
60,NA,NA,NA,NA,NA,NA,NA,0.972335083073853,0.663393245014368
61,NA,NA,NA,NA,NA,NA,NA,0.972335083073853,0.663393245014368
62,NA,NA,NA,NA,NA,NA,NA,0.315528574305094,0.774435198773876
63,NA,NA,NA,NA,NA,NA,NA,0.964179023506115,0.829843495671399
64,NA,NA,NA,NA,NA,NA,NA,0.960589437842552,0.834432549829555
65,NA,NA,NA,NA,NA,NA,NA,0.96967305557872,0.750997158394504
66,NA,NA,NA,NA,NA,NA,NA,0.945903756886956,0.717270918057351
67,NA,NA,NA,NA,NA,NA,NA,0.953646960535222,0.707459863247461
68,NA,NA,NA,NA,NA,NA,NA,0.953646960535222,0.707459863247461
69,NA,NA,NA,NA,NA,NA,NA,0.407979249653953,0.743328594500293
70,NA,NA,NA,NA,NA,NA,NA,0.937145009097925,0.881346170887603
71,NA,NA,NA,NA,NA,NA,NA,0.962078568435861,0.884161843240923
72,NA,NA,NA,NA,NA,NA,NA,0.972304363566938,0.905197794645824
73,NA,NA,NA,NA,NA,NA,NA,0.980137868617475,0.900897271735937
74,NA,NA,NA,NA,NA,NA,NA,0.990953977589297,0.906497457356837
75,NA,NA,NA,NA,NA,NA,NA,0.993020365824026,0.940823960197406
76,NA,NA,NA,NA,NA,NA,NA,0.995365145807219,0.939959604043339
77,NA,NA,NA,NA,NA,NA,NA,0.996578957716635,0.972113415438422
78,NA,NA,NA,NA,NA,NA,NA,0.996578957716635,0.972113415438422
79,NA,NA,NA,NA,NA,NA,NA,0.268853317184348,0.869731575940966
80,NA,NA,NA,NA,NA,NA,NA,0.882241155050331,0.833889269847745
81,NA,NA,NA,NA,NA,NA,NA,0.851073229952516,0.872853237046463
82,NA,NA,NA,NA,NA,NA,NA,0.931892457272175,0.866763772697012
83,NA,NA,NA,NA,NA,NA,NA,0.933198167458028,0.884832216966428
84,NA,NA,NA,NA,NA,NA,NA,0.971084538864448,0.904434685396019
85,NA,NA,NA,NA,NA,NA,NA,0.976709066193033,0.911586256037061
86,NA,NA,NA,NA,NA,NA,NA,0.977092070253273,0.940864414228006
87,NA,NA,NA,NA,NA,NA,NA,0.977092070253273,0.940864414228006
88,NA,NA,NA,NA,NA,NA,NA,0.388527709140073,0.659957400551683
89,NA,NA,NA,NA,NA,NA,NA,0.944161054702852,0.767693386935112
90,NA,NA,NA,NA,NA,NA,NA,0.974332888229971,0.78012617463848
91,NA,NA,NA,NA,NA,NA,NA,0.987628664574559,0.789678428380936
92,NA,NA,NA,NA,NA,NA,NA,0.982954275834342,0.745595207650214
93,NA,NA,NA,NA,NA,NA,NA,0.981368693525185,0.731073753174355
94,NA,NA,NA,NA,NA,NA,NA,0.972335083073853,0.663393245014368
95,NA,NA,NA,NA,NA,NA,NA,0.972335083073853,0.663393245014368
96,NA,NA,NA,NA,NA,NA,NA,0.315528574305094,0.774435198773876
97,NA,NA,NA,NA,NA,NA,NA,0.964179023506115,0.829843495671399
98,NA,NA,NA,NA,NA,NA,NA,0.960589437842552,0.834432549829555
99,NA,NA,NA,NA,NA,NA,NA,0.96967305557872,0.750997158394504
100,NA,NA,NA,NA,NA,NA,NA,0.945903756886956,0.717270918057351
101,NA,NA,NA,NA,NA,NA,NA,0.953646960535222,0.707459863247461
102,NA,NA,NA,NA,NA,NA,NA,0.953646960535222,0.707459863247461
103,NA,NA,NA,NA,NA,NA,NA,0.407979249653953,0.743328594500293
104,NA,NA,NA,NA,NA,NA,NA,0.937145009097925,0.881346170887603
105,NA,NA,NA,NA,NA,NA,NA,0.962078568435861,0.884161843240923
106,NA,NA,NA,NA,NA,NA,NA,0.972304363566938,0.905197794645824
107,NA,NA,NA,NA,NA,NA,NA,0.980137868617475,0.900897271735937
108,NA,NA,NA,NA,NA,NA,NA,0.990953977589297,0.906497457356837
109,NA,NA,NA,NA,NA,NA,NA,0.993020365824026,0.940823960197406
110,NA,NA,NA,NA,NA,NA,NA,0.995365145807219,0.939959604043339
111,NA,NA,NA,NA,NA,NA,NA,0.996578957716635,0.972113415438422
112,NA,NA,NA,NA,NA,NA,NA,0.996578957716635,0.972113415438422
113,NA,NA,NA,NA,NA,NA,NA,0.268853317184348,0.869731575940966
114,NA,NA,NA,NA,NA,NA,NA,0.882241155050331,0.833889269847745
115,NA,NA,NA,NA,NA,NA,NA,0.851073229952516,0.872853237046463
116,NA,NA,NA,NA,NA,NA,NA,0.931892457272175,0.866763772697012
117,NA,NA,NA,NA,NA,NA,NA,0.933198167458028,0.884832216966428
118,NA,NA,NA,NA,NA,NA,NA,0.971084538864448,0.904434685396019
119,NA,NA,NA,NA,NA,NA,NA,0.976709066193033,0.911586256037061
120,NA,NA,NA,NA,NA,NA,NA,0.977092070253273,0.940864414228006
121,NA,NA,NA,NA,NA,NA,NA,0.977092070253273,0.940864414228006
122,NA,NA,NA,NA,NA,NA,NA,0.388527709140073,0.659957400551683
123,NA,NA,NA,NA,NA,NA,NA,0.944161054702852,0.767693386935112
124,NA,NA,NA,NA,NA,NA,NA,0.974332888229971,0.78012617463848
125,NA,NA,NA,NA,NA,NA,NA,0.987628664574559,0.789678428380936
126,NA,NA,NA,NA,NA,NA,NA,0.982954275834342,0.745595207650214
127,NA,NA,NA,NA,NA,NA,NA,0.981368693525185,0.731073753174355
128,NA,NA,NA,NA,NA,NA,NA,0.972335083073853,0.663393245014368
129,NA,NA,NA,NA,NA,NA,NA,0.972335083073853,0.663393245014368
130,NA,NA,NA,NA,NA,NA,NA,0.315528574305094,0.774435198773876
131,NA,NA,NA,NA,NA,NA,NA,0.964179023506115,0.829843495671399
132,NA,NA,NA,NA,NA,NA,NA,0.960589437842552,0.834432549829555
133,NA,NA,NA,NA,NA,NA,NA,0.96967305557872,0.750997158394504
134,NA,NA,NA,NA,NA,NA,NA,0.945903756886956,0.717270918057351
135,NA,NA,NA,NA,NA,NA,NA,0.953646960535222,0.707459863247461
136,NA,NA,NA,NA,NA,NA,NA,0.953646960535222,0.707459863247461
137,NA,NA,NA,NA,NA,NA,NA,0.407979249653953,0.743328594500293
138,NA,NA,NA,NA,NA,NA,NA,0.937145009097925,0.881346170887603
139,NA,NA,NA,NA,NA,NA,NA,0.962078568435861,0.884161843240923
140,NA,NA,NA,NA,NA,NA,NA,0.972304363566938,0.905197794645824
141,NA,NA,NA,NA,NA,NA,NA,0.980137868617475,0.900897271735937
142,NA,NA,NA,NA,NA,NA,NA,0.990953977589297,0.906497457356837
143,NA,NA,NA,NA,NA,NA,NA,0.993020365824026,0.940823960197406
144,NA,NA,NA,NA,NA,NA,NA,0.995365145807219,0.939959604043339
145,NA,NA,NA,NA,NA,NA,NA,0.996578957716635,0.972113415438422
146,NA,NA,NA,NA,NA,NA,NA,0.996578957716635,0.972113415438422
147,NA,NA,NA,NA,NA,NA,NA,0.268853317184348,0.869731575940966
148,NA,NA,NA,NA,NA,NA,NA,0.882241155050331,0.833889269847745
149,NA,NA,NA,NA,NA,NA,NA,0.851073229952516,0.872853237046463
150,NA,NA,NA,NA,NA,NA,NA,0.931892457272175,0.866763772697012
151,NA,NA,NA,NA,NA,NA,NA,0.933198167458028,0.884832216966428
152,NA,NA,NA,NA,NA,NA,NA,0.971084538864448,0.904434685396019
153,NA,NA,NA,NA,NA,NA,NA,0.976709066193033,0.911586256037061
154,NA,NA,NA,NA,NA,NA,NA,0.977092070253273,0.940864414228006
155,NA,NA,NA,NA,NA,NA,NA,0.977092070253273,0.940864414228006
156,NA,NA,NA,NA,NA,NA,NA,0.388527709140073,0.659957400551683
157,NA,NA,NA,NA,NA,NA,NA,0.944161054702852,0.767693386935112
158,NA,NA,NA,NA,NA,NA,NA,0.974332888229971,0.78012617463848
159,NA,NA,NA,NA,NA,NA,NA,0.987628664574559,0.789678428380936
160,NA,NA,NA,NA,NA,NA,NA,0.982954275834342,0.745595207650214
161,NA,NA,NA,NA,NA,NA,NA,0.981368693525185,0.731073753174355
162,NA,NA,NA,NA,NA,NA,NA,0.972335083073853,0.663393245014368
163,NA,NA,NA,NA,NA,NA,NA,0.972335083073853,0.663393245014368
164,NA,NA,NA,NA,NA,NA,NA,0.315528574305094,0.774435198773876
165,NA,NA,NA,NA,NA,NA,NA,0.964179023506115,0.829843495671399
166,NA,NA,NA,NA,NA,NA,NA,0.960589437842552,0.834432549829555
167,NA,NA,NA,NA,NA,NA,NA,0.96967305557872,0.750997158394504
168,NA,NA,NA,NA,NA,NA,NA,0.945903756886956,0.717270918057351
169,NA,NA,NA,NA,NA,NA,NA,0.953646960535222,0.707459863247461
170,NA,NA,NA,NA,NA,NA,NA,0.953646960535222,0.707459863247461
171,NA,NA,NA,NA,NA,NA,NA,0.407979249653953,0.743328594500293
172,NA,NA,NA,NA,NA,NA,NA,0.937145009097925,0.881346170887603
173,NA,NA,NA,NA,NA,NA,NA,0.962078568435861,0.884161843240923
174,NA,NA,NA,NA,NA,NA,NA,0.972304363566938,0.905197794645824
175,NA,NA,NA,NA,NA,NA,NA,0.980137868617475,0.900897271735937
176,NA,NA,NA,NA,NA,NA,NA,0.990953977589297,0.906497457356837
177,NA,NA,NA,NA,NA,NA,NA,0.993020365824026,0.940823960197406
178,NA,NA,NA,NA,NA,NA,NA,0.995365145807219,0.939959604043339
179,NA,NA,NA,NA,NA,NA,NA,0.996578957716635,0.972113415438422
180,NA,NA,NA,NA,NA,NA,NA,0.996578957716635,0.972113415438422
181,NA,NA,NA,NA,NA,NA,NA,0.268853317184348,0.869731575940966
182,NA,NA,NA,NA,NA,NA,NA,0.882241155050331,0.833889269847745
183,NA,NA,NA,NA,NA,NA,NA,0.851073229952516,0.872853237046463
184,NA,NA,NA,NA,NA,NA,NA,0.931892457272175,0.866763772697012
185,NA,NA,NA,NA,NA,NA,NA,0.933198167458028,0.884832216966428
186,NA,NA,NA,NA,NA,NA,NA,0.971084538864448,0.904434685396019
187,NA,NA,NA,NA,NA,NA,NA,0.976709066193033,0.911586256037061
188,NA,NA,NA,NA,NA,NA,NA,0.977092070253273,0.940864414228006
189,NA,NA,NA,NA,NA,NA,NA,0.977092070253273,0.940864414228006
190,NA,NA,NA,NA,NA,NA,NA,0.388527709140073,0.659957400551683
191,NA,NA,NA,NA,NA,NA,NA,0.944161054702852,0.767693386935112
192,NA,NA,NA,NA,NA,NA,NA,0.974332888229971,0.78012617463848
193,NA,NA,NA,NA,NA,NA,NA,0.987628664574559,0.789678428380936
194,NA,NA,NA,NA,NA,NA,NA,0.982954275834342,0.745595207650214
195,NA,NA,NA,NA,NA,NA,NA,0.981368693525185,0.731073753174355
196,NA,NA,NA,NA,NA,NA,NA,0.972335083073853,0.663393245014368
197,NA,NA,NA,NA,NA,NA,NA,0.972335083073853,0.663393245014368
198,NA,NA,NA,NA,NA,NA,NA,0.315528574305094,0.774435198773876
199,NA,NA,NA,NA,NA,NA,NA,0.964179023506115,0.829843495671399
200,NA,NA,NA,NA,NA,NA,NA,0.960589437842552,0.834432549829555
201,NA,NA,NA,NA,NA,NA,NA,0.96967305557872,0.750997158394504
202,NA,NA,NA,NA,NA,NA,NA,0.945903756886956,0.717270918057351
203,NA,NA,NA,NA,NA,NA,NA,0.953646960535222,0.707459863247461
204,NA,NA,NA,NA,NA,NA,NA,0.953646960535222,0.707459863247461
205,NA,NA,NA,NA,NA,NA,NA,0.407979249653953,0.743328594500293
206,NA,NA,NA,NA,NA,NA,NA,0.937145009097925,0.881346170887603
207,NA,NA,NA,NA,NA,NA,NA,0.962078568435861,0.884161843240923
208,NA,NA,NA,NA,NA,NA,NA,0.972304363566938,0.905197794645824
209,NA,NA,NA,NA,NA,NA,NA,0.980137868617475,0.900897271735937
210,NA,NA,NA,NA,NA,NA,NA,0.990953977589297,0.906497457356837
211,NA,NA,NA,NA,NA,NA,NA,0.993020365824026,0.940823960197406
212,NA,NA,NA,NA,NA,NA,NA,0.995365145807219,0.939959604043339
213,NA,NA,NA,NA,NA,NA,NA,0.996578957716635,0.972113415438422
214,NA,NA,NA,NA,NA,NA,NA,0.996578957716635,0.972113415438422
215,NA,NA,NA,NA,NA,NA,NA,0.268853317184348,0.869731575940966
216,NA,NA,NA,NA,NA,NA,NA,0.882241155050331,0.833889269847745
217,NA,NA,NA,NA,NA,NA,NA,0.851073229952516,0.872853237046463
218,NA,NA,NA,NA,NA,NA,NA,0.931892457272175,0.866763772697012
219,NA,NA,NA,NA,NA,NA,NA,0.933198167458028,0.884832216966428
220,NA,NA,NA,NA,NA,NA,NA,0.971084538864448,0.904434685396019
221,NA,NA,NA,NA,NA,NA,NA,0.976709066193033,0.911586256037061
222,NA,NA,NA,NA,NA,NA,NA,0.977092070253273,0.940864414228006
223,NA,NA,NA,NA,NA,NA,NA,0.977092070253273,0.940864414228006
224,NA,NA,NA,NA,NA,NA,NA,0.388527709140073,0.659957400551683
225,NA,NA,NA,NA,NA,NA,NA,0.944161054702852,0.767693386935112
226,NA,NA,NA,NA,NA,NA,NA,0.974332888229971,0.78012617463848
227,NA,NA,NA,NA,NA,NA,NA,0.987628664574559,0.789678428380936
228,NA,NA,NA,NA,NA,NA,NA,0.982954275834342,0.745595207650214
229,NA,NA,NA,NA,NA,NA,NA,0.981368693525185,0.731073753174355
230,NA,NA,NA,NA,NA,NA,NA,0.972335083073853,0.663393245014368
231,NA,NA,NA,NA,NA,NA,NA,0.972335083073853,0.663393245014368
232,NA,NA,NA,NA,NA,NA,NA,0.315528574305094,0.774435198773876
233,NA,NA,NA,NA,NA,NA,NA,0.964179023506115,0.829843495671399
234,NA,NA,NA,NA,NA,NA,NA,0.960589437842552,0.834432549829555
235,NA,NA,NA,NA,NA,NA,NA,0.96967305557872,0.750997158394504
236,NA,NA,NA,NA,NA,NA,NA,0.945903756886956,0.717270918057351
237,NA,NA,NA,NA,NA,NA,NA,0.953646960535222,0.707459863247461
238,NA,NA,NA,NA,NA,NA,NA,0.953646960535222,0.707459863247461
239,NA,NA,NA,NA,NA,NA,NA,0.407979249653953,0.743328594500293
240,NA,NA,NA,NA,NA,NA,NA,0.937145009097925,0.881346170887603
241,NA,NA,NA,NA,NA,NA,NA,0.962078568435861,0.884161843240923
242,NA,NA,NA,NA,NA,NA,NA,0.972304363566938,0.905197794645824
243,NA,NA,NA,NA,NA,NA,NA,0.980137868617475,0.900897271735937
244,NA,NA,NA,NA,NA,NA,NA,0.990953977589297,0.906497457356837
245,NA,NA,NA,NA,NA,NA,NA,0.993020365824026,0.940823960197406
246,NA,NA,NA,NA,NA,NA,NA,0.995365145807219,0.939959604043339
247,NA,NA,NA,NA,NA,NA,NA,0.996578957716635,0.972113415438422
248,NA,NA,NA,NA,NA,NA,NA,0.996578957716635,0.972113415438422
249,NA,NA,NA,NA,NA,NA,NA,0.268853317184348,0.869731575940966
250,NA,NA,NA,NA,NA,NA,NA,0.882241155050331,0.833889269847745
251,NA,NA,NA,NA,NA,NA,NA,0.851073229952516,0.872853237046463
252,NA,NA,NA,NA,NA,NA,NA,0.931892457272175,0.866763772697012
253,NA,NA,NA,NA,NA,NA,NA,0.933198167458028,0.884832216966428
254,NA,NA,NA,NA,NA,NA,NA,0.971084538864448,0.904434685396019
255,NA,NA,NA,NA,NA,NA,NA,0.976709066193033,0.911586256037061
256,NA,NA,NA,NA,NA,NA,NA,0.977092070253273,0.940864414228006
257,NA,NA,NA,NA,NA,NA,NA,0.977092070253273,0.940864414228006
258,NA,NA,NA,NA,NA,NA,NA,0.388527709140073,0.659957400551683
259,NA,NA,NA,NA,NA,NA,NA,0.944161054702852,0.767693386935112
260,NA,NA,NA,NA,NA,NA,NA,0.974332888229971,0.78012617463848
261,NA,NA,NA,NA,NA,NA,NA,0.987628664574559,0.789678428380936
262,NA,NA,NA,NA,NA,NA,NA,0.982954275834342,0.745595207650214
263,NA,NA,NA,NA,NA,NA,NA,0.981368693525185,0.731073753174355
264,NA,NA,NA,NA,NA,NA,NA,0.972335083073853,0.663393245014368
265,NA,NA,NA,NA,NA,NA,NA,0.972335083073853,0.663393245014368
266,NA,NA,NA,NA,NA,NA,NA,0.315528574305094,0.774435198773876
267,NA,NA,NA,NA,NA,NA,NA,0.964179023506115,0.829843495671399
268,NA,NA,NA,NA,NA,NA,NA,0.960589437842552,0.834432549829555
269,NA,NA,NA,NA,NA,NA,NA,0.96967305557872,0.750997158394504
270,NA,NA,NA,NA,NA,NA,NA,0.945903756886956,0.717270918057351
271,NA,NA,NA,NA,NA,NA,NA,0.953646960535222,0.707459863247461
272,NA,NA,NA,NA,NA,NA,NA,0.953646960535222,0.707459863247461
273,NA,NA,NA,NA,NA,NA,NA,0.407979249653953,0.743328594500293
274,NA,NA,NA,NA,NA,NA,NA,0.937145009097925,0.881346170887603
275,NA,NA,NA,NA,NA,NA,NA,0.962078568435861,0.884161843240923
276,NA,NA,NA,NA,NA,NA,NA,0.972304363566938,0.905197794645824
277,NA,NA,NA,NA,NA,NA,NA,0.980137868617475,0.900897271735937
278,NA,NA,NA,NA,NA,NA,NA,0.990953977589297,0.906497457356837
279,NA,NA,NA,NA,NA,NA,NA,0.993020365824026,0.940823960197406
280,NA,NA,NA,NA,NA,NA,NA,0.995365145807219,0.939959604043339
281,NA,NA,NA,NA,NA,NA,NA,0.996578957716635,0.972113415438422
282,NA,NA,NA,NA,NA,NA,NA,0.996578957716635,0.972113415438422
283,NA,NA,NA,NA,NA,NA,NA,0.268853317184348,0.869731575940966
284,NA,NA,NA,NA,NA,NA,NA,0.882241155050331,0.833889269847745
285,NA,NA,NA,NA,NA,NA,NA,0.851073229952516,0.872853237046463
286,NA,NA,NA,NA,NA,NA,NA,0.931892457272175,0.866763772697012
287,NA,NA,NA,NA,NA,NA,NA,0.933198167458028,0.884832216966428
288,NA,NA,NA,NA,NA,NA,NA,0.971084538864448,0.904434685396019
289,NA,NA,NA,NA,NA,NA,NA,0.976709066193033,0.911586256037061
290,NA,NA,NA,NA,NA,NA,NA,0.977092070253273,0.940864414228006
291,NA,NA,NA,NA,NA,NA,NA,0.977092070253273,0.940864414228006
292,NA,NA,NA,NA,NA,NA,NA,0.388527709140073,0.659957400551683
293,NA,NA,NA,NA,NA,NA,NA,0.944161054702852,0.767693386935112
294,NA,NA,NA,NA,NA,NA,NA,0.974332888229971,0.78012617463848
295,NA,NA,NA,NA,NA,NA,NA,0.987628664574559,0.789678428380936
296,NA,NA,NA,NA,NA,NA,NA,0.982954275834342,0.745595207650214
297,NA,NA,NA,NA,NA,NA,NA,0.981368693525185,0.731073753174355
298,NA,NA,NA,NA,NA,NA,NA,0.972335083073853,0.663393245014368
299,NA,NA,NA,NA,NA,NA,NA,0.972335083073853,0.663393245014368
300,NA,NA,NA,NA,NA,NA,NA,0.315528574305094,0.774435198773876
301,NA,NA,NA,NA,NA,NA,NA,0.964179023506115,0.829843495671399
302,NA,NA,NA,NA,NA,NA,NA,0.960589437842552,0.834432549829555
303,NA,NA,NA,NA,NA,NA,NA,0.96967305557872,0.750997158394504
304,NA,NA,NA,NA,NA,NA,NA,0.945903756886956,0.717270918057351
305,NA,NA,NA,NA,NA,NA,NA,0.953646960535222,0.707459863247461
306,NA,NA,NA,NA,NA,NA,NA,0.953646960535222,0.707459863247461
307,NA,NA,NA,NA,NA,NA,NA,0.407979249653953,0.743328594500293
308,NA,NA,NA,NA,NA,NA,NA,0.937145009097925,0.881346170887603
309,NA,NA,NA,NA,NA,NA,NA,0.962078568435861,0.884161843240923
310,NA,NA,NA,NA,NA,NA,NA,0.972304363566938,0.905197794645824
311,NA,NA,NA,NA,NA,NA,NA,0.980137868617475,0.900897271735937
312,NA,NA,NA,NA,NA,NA,NA,0.990953977589297,0.906497457356837
313,NA,NA,NA,NA,NA,NA,NA,0.993020365824026,0.940823960197406
314,NA,NA,NA,NA,NA,NA,NA,0.995365145807219,0.939959604043339
315,NA,NA,NA,NA,NA,NA,NA,0.996578957716635,0.972113415438422
316,NA,NA,NA,NA,NA,NA,NA,0.996578957716635,0.972113415438422
317,NA,NA,NA,NA,NA,NA,NA,0.268853317184348,0.869731575940966
318,NA,NA,NA,NA,NA,NA,NA,0.882241155050331,0.833889269847745
319,NA,NA,NA,NA,NA,NA,NA,0.851073229952516,0.872853237046463
320,NA,NA,NA,NA,NA,NA,NA,0.931892457272175,0.866763772697012
321,NA,NA,NA,NA,NA,NA,NA,0.933198167458028,0.884832216966428
322,NA,NA,NA,NA,NA,NA,NA,0.971084538864448,0.904434685396019
323,NA,NA,NA,NA,NA,NA,NA,0.976709066193033,0.911586256037061
324,NA,NA,NA,NA,NA,NA,NA,0.977092070253273,0.940864414228006
325,NA,NA,NA,NA,NA,NA,NA,0.977092070253273,0.940864414228006
326,NA,NA,NA,NA,NA,NA,NA,0.388527709140073,0.659957400551683
327,NA,NA,NA,NA,NA,NA,NA,0.944161054702852,0.767693386935112
328,NA,NA,NA,NA,NA,NA,NA,0.974332888229971,0.78012617463848
329,NA,NA,NA,NA,NA,NA,NA,0.987628664574559,0.789678428380936
330,NA,NA,NA,NA,NA,NA,NA,0.982954275834342,0.745595207650214
331,NA,NA,NA,NA,NA,NA,NA,0.981368693525185,0.731073753174355
332,NA,NA,NA,NA,NA,NA,NA,0.972335083073853,0.663393245014368
333,NA,NA,NA,NA,NA,NA,NA,0.972335083073853,0.663393245014368
334,NA,NA,NA,NA,NA,NA,NA,0.315528574305094,0.774435198773876
335,NA,NA,NA,NA,NA,NA,NA,0.964179023506115,0.829843495671399
336,NA,NA,NA,NA,NA,NA,NA,0.960589437842552,0.834432549829555
337,NA,NA,NA,NA,NA,NA,NA,0.96967305557872,0.750997158394504
338,NA,NA,NA,NA,NA,NA,NA,0.945903756886956,0.717270918057351
339,NA,NA,NA,NA,NA,NA,NA,0.953646960535222,0.707459863247461
340,NA,NA,NA,NA,NA,NA,NA,0.953646960535222,0.707459863247461
341,NA,NA,NA,NA,NA,NA,NA,0.407979249653953,0.743328594500293
342,NA,NA,NA,NA,NA,NA,NA,0.937145009097925,0.881346170887603
343,NA,NA,NA,NA,NA,NA,NA,0.962078568435861,0.884161843240923
344,NA,NA,NA,NA,NA,NA,NA,0.972304363566938,0.905197794645824
345,NA,NA,NA,NA,NA,NA,NA,0.980137868617475,0.900897271735937
346,NA,NA,NA,NA,NA,NA,NA,0.990953977589297,0.906497457356837
347,NA,NA,NA,NA,NA,NA,NA,0.993020365824026,0.940823960197406
348,NA,NA,NA,NA,NA,NA,NA,0.995365145807219,0.939959604043339
349,NA,NA,NA,NA,NA,NA,NA,0.996578957716635,0.972113415438422
350,NA,NA,NA,NA,NA,NA,NA,0.996578957716635,0.972113415438422
351,NA,NA,NA,NA,NA,NA,NA,0.268853317184348,0.869731575940966
352,NA,NA,NA,NA,NA,NA,NA,0.882241155050331,0.833889269847745
353,NA,NA,NA,NA,NA,NA,NA,0.851073229952516,0.872853237046463
354,NA,NA,NA,NA,NA,NA,NA,0.931892457272175,0.866763772697012
355,NA,NA,NA,NA,NA,NA,NA,0.933198167458028,0.884832216966428
356,NA,NA,NA,NA,NA,NA,NA,0.971084538864448,0.904434685396019
357,NA,NA,NA,NA,NA,NA,NA,0.976709066193033,0.911586256037061
358,NA,NA,NA,NA,NA,NA,NA,0.977092070253273,0.940864414228006
359,NA,NA,NA,NA,NA,NA,NA,0.977092070253273,0.940864414228006
360,NA,NA,NA,NA,NA,NA,NA,0.388527709140073,0.659957400551683
361,NA,NA,NA,NA,NA,NA,NA,0.944161054702852,0.767693386935112
362,NA,NA,NA,NA,NA,NA,NA,0.974332888229971,0.78012617463848
363,NA,NA,NA,NA,NA,NA,NA,0.987628664574559,0.789678428380936
364,NA,NA,NA,NA,NA,NA,NA,0.982954275834342,0.745595207650214
365,NA,NA,NA,NA,NA,NA,NA,0.981368693525185,0.731073753174355
366,NA,NA,NA,NA,NA,NA,NA,0.972335083073853,0.663393245014368
367,NA,NA,NA,NA,NA,NA,NA,0.972335083073853,0.663393245014368
368,NA,NA,NA,NA,NA,NA,NA,0.315528574305094,0.774435198773876
369,NA,NA,NA,NA,NA,NA,NA,0.964179023506115,0.829843495671399
370,NA,NA,NA,NA,NA,NA,NA,0.960589437842552,0.834432549829555
371,NA,NA,NA,NA,NA,NA,NA,0.96967305557872,0.750997158394504
372,NA,NA,NA,NA,NA,NA,NA,0.945903756886956,0.717270918057351
373,NA,NA,NA,NA,NA,NA,NA,0.953646960535222,0.707459863247461
374,NA,NA,NA,NA,NA,NA,NA,0.953646960535222,0.707459863247461
375,NA,NA,NA,NA,NA,NA,NA,0.407979249653953,0.743328594500293
376,NA,NA,NA,NA,NA,NA,NA,0.937145009097925,0.881346170887603
377,NA,NA,NA,NA,NA,NA,NA,0.962078568435861,0.884161843240923
378,NA,NA,NA,NA,NA,NA,NA,0.972304363566938,0.905197794645824
379,NA,NA,NA,NA,NA,NA,NA,0.980137868617475,0.900897271735937
380,NA,NA,NA,NA,NA,NA,NA,0.990953977589297,0.906497457356837
381,NA,NA,NA,NA,NA,NA,NA,0.993020365824026,0.940823960197406
382,NA,NA,NA,NA,NA,NA,NA,0.995365145807219,0.939959604043339
383,NA,NA,NA,NA,NA,NA,NA,0.996578957716635,0.972113415438422
384,NA,NA,NA,NA,NA,NA,NA,0.996578957716635,0.972113415438422
385,NA,NA,NA,NA,NA,NA,NA,0.268853317184348,0.869731575940966
386,NA,NA,NA,NA,NA,NA,NA,0.882241155050331,0.833889269847745
387,NA,NA,NA,NA,NA,NA,NA,0.851073229952516,0.872853237046463
388,NA,NA,NA,NA,NA,NA,NA,0.931892457272175,0.866763772697012
389,NA,NA,NA,NA,NA,NA,NA,0.933198167458028,0.884832216966428
390,NA,NA,NA,NA,NA,NA,NA,0.971084538864448,0.904434685396019
391,NA,NA,NA,NA,NA,NA,NA,0.976709066193033,0.911586256037061
392,NA,NA,NA,NA,NA,NA,NA,0.977092070253273,0.940864414228006
393,NA,NA,NA,NA,NA,NA,NA,0.977092070253273,0.940864414228006
394,NA,NA,NA,NA,NA,NA,NA,0.388527709140073,0.659957400551683
395,NA,NA,NA,NA,NA,NA,NA,0.944161054702852,0.767693386935112
396,NA,NA,NA,NA,NA,NA,NA,0.974332888229971,0.78012617463848
397,NA,NA,NA,NA,NA,NA,NA,0.987628664574559,0.789678428380936
398,NA,NA,NA,NA,NA,NA,NA,0.982954275834342,0.745595207650214
399,NA,NA,NA,NA,NA,NA,NA,0.981368693525185,0.731073753174355
400,NA,NA,NA,NA,NA,NA,NA,0.972335083073853,0.663393245014368
401,NA,NA,NA,NA,NA,NA,NA,0.972335083073853,0.663393245014368
402,NA,NA,NA,NA,NA,NA,NA,0.315528574305094,0.774435198773876
403,NA,NA,NA,NA,NA,NA,NA,0.964179023506115,0.829843495671399
404,NA,NA,NA,NA,NA,NA,NA,0.960589437842552,0.834432549829555
405,NA,NA,NA,NA,NA,NA,NA,0.96967305557872,0.750997158394504
406,NA,NA,NA,NA,NA,NA,NA,0.945903756886956,0.717270918057351
407,NA,NA,NA,NA,NA,NA,NA,0.953646960535222,0.707459863247461
408,NA,NA,NA,NA,NA,NA,NA,0.953646960535222,0.707459863247461
409,NA,NA,NA,NA,NA,NA,NA,0.407979249653953,0.743328594500293
410,NA,NA,NA,NA,NA,NA,NA,0.937145009097925,0.881346170887603
411,NA,NA,NA,NA,NA,NA,NA,0.962078568435861,0.884161843240923
412,NA,NA,NA,NA,NA,NA,NA,0.972304363566938,0.905197794645824
413,NA,NA,NA,NA,NA,NA,NA,0.980137868617475,0.900897271735937
414,NA,NA,NA,NA,NA,NA,NA,0.990953977589297,0.906497457356837
415,NA,NA,NA,NA,NA,NA,NA,0.993020365824026,0.940823960197406
416,NA,NA,NA,NA,NA,NA,NA,0.995365145807219,0.939959604043339
417,NA,NA,NA,NA,NA,NA,NA,0.996578957716635,0.972113415438422
418,NA,NA,NA,NA,NA,NA,NA,0.996578957716635,0.972113415438422
419,NA,NA,NA,NA,NA,NA,NA,0.268853317184348,0.869731575940966
420,NA,NA,NA,NA,NA,NA,NA,0.882241155050331,0.833889269847745
421,NA,NA,NA,NA,NA,NA,NA,0.851073229952516,0.872853237046463
422,NA,NA,NA,NA,NA,NA,NA,0.931892457272175,0.866763772697012
423,NA,NA,NA,NA,NA,NA,NA,0.933198167458028,0.884832216966428
424,NA,NA,NA,NA,NA,NA,NA,0.971084538864448,0.904434685396019
425,NA,NA,NA,NA,NA,NA,NA,0.976709066193033,0.911586256037061
426,NA,NA,NA,NA,NA,NA,NA,0.977092070253273,0.940864414228006
427,NA,NA,NA,NA,NA,NA,NA,0.977092070253273,0.940864414228006
428,NA,NA,NA,NA,NA,NA,NA,0.388527709140073,0.659957400551683
429,NA,NA,NA,NA,NA,NA,NA,0.944161054702852,0.767693386935112
430,NA,NA,NA,NA,NA,NA,NA,0.974332888229971,0.78012617463848
431,NA,NA,NA,NA,NA,NA,NA,0.987628664574559,0.789678428380936
432,NA,NA,NA,NA,NA,NA,NA,0.982954275834342,0.745595207650214
433,NA,NA,NA,NA,NA,NA,NA,0.981368693525185,0.731073753174355
434,NA,NA,NA,NA,NA,NA,NA,0.972335083073853,0.663393245014368
435,NA,NA,NA,NA,NA,NA,NA,0.972335083073853,0.663393245014368
436,NA,NA,NA,NA,NA,NA,NA,0.315528574305094,0.774435198773876
437,NA,NA,NA,NA,NA,NA,NA,0.964179023506115,0.829843495671399
438,NA,NA,NA,NA,NA,NA,NA,0.960589437842552,0.834432549829555
439,NA,NA,NA,NA,NA,NA,NA,0.96967305557872,0.750997158394504
440,NA,NA,NA,NA,NA,NA,NA,0.945903756886956,0.717270918057351
441,NA,NA,NA,NA,NA,NA,NA,0.953646960535222,0.707459863247461
442,NA,NA,NA,NA,NA,NA,NA,0.953646960535222,0.707459863247461
443,NA,NA,NA,NA,NA,NA,NA,0.407979249653953,0.743328594500293
444,NA,NA,NA,NA,NA,NA,NA,0.937145009097925,0.881346170887603
445,NA,NA,NA,NA,NA,NA,NA,0.962078568435861,0.884161843240923
446,NA,NA,NA,NA,NA,NA,NA,0.972304363566938,0.905197794645824
447,NA,NA,NA,NA,NA,NA,NA,0.980137868617475,0.900897271735937
448,NA,NA,NA,NA,NA,NA,NA,0.990953977589297,0.906497457356837
449,NA,NA,NA,NA,NA,NA,NA,0.993020365824026,0.940823960197406
450,NA,NA,NA,NA,NA,NA,NA,0.995365145807219,0.939959604043339
451,NA,NA,NA,NA,NA,NA,NA,0.996578957716635,0.972113415438422
452,NA,NA,NA,NA,NA,NA,NA,0.996578957716635,0.972113415438422
453,NA,NA,NA,NA,NA,NA,NA,0.268853317184348,0.869731575940966
454,NA,NA,NA,NA,NA,NA,NA,0.882241155050331,0.833889269847745
455,NA,NA,NA,NA,NA,NA,NA,0.851073229952516,0.872853237046463
456,NA,NA,NA,NA,NA,NA,NA,0.931892457272175,0.866763772697012
457,NA,NA,NA,NA,NA,NA,NA,0.933198167458028,0.884832216966428
458,NA,NA,NA,NA,NA,NA,NA,0.971084538864448,0.904434685396019
459,NA,NA,NA,NA,NA,NA,NA,0.976709066193033,0.911586256037061
460,NA,NA,NA,NA,NA,NA,NA,0.977092070253273,0.940864414228006
461,NA,NA,NA,NA,NA,NA,NA,0.977092070253273,0.940864414228006
462,NA,NA,NA,NA,NA,NA,NA,0.388527709140073,0.659957400551683
463,NA,NA,NA,NA,NA,NA,NA,0.944161054702852,0.767693386935112
464,NA,NA,NA,NA,NA,NA,NA,0.974332888229971,0.78012617463848
465,NA,NA,NA,NA,NA,NA,NA,0.987628664574559,0.789678428380936
466,NA,NA,NA,NA,NA,NA,NA,0.982954275834342,0.745595207650214
467,NA,NA,NA,NA,NA,NA,NA,0.981368693525185,0.731073753174355
468,NA,NA,NA,NA,NA,NA,NA,0.972335083073853,0.663393245014368
469,NA,NA,NA,NA,NA,NA,NA,0.972335083073853,0.663393245014368
470,NA,NA,NA,NA,NA,NA,NA,0.315528574305094,0.774435198773876
471,NA,NA,NA,NA,NA,NA,NA,0.964179023506115,0.829843495671399
472,NA,NA,NA,NA,NA,NA,NA,0.960589437842552,0.834432549829555
473,NA,NA,NA,NA,NA,NA,NA,0.96967305557872,0.750997158394504
474,NA,NA,NA,NA,NA,NA,NA,0.945903756886956,0.717270918057351
475,NA,NA,NA,NA,NA,NA,NA,0.953646960535222,0.707459863247461
476,NA,NA,NA,NA,NA,NA,NA,0.953646960535222,0.707459863247461
477,NA,NA,NA,NA,NA,NA,NA,0.407979249653953,0.743328594500293
478,NA,NA,NA,NA,NA,NA,NA,0.937145009097925,0.881346170887603
479,NA,NA,NA,NA,NA,NA,NA,0.962078568435861,0.884161843240923
480,NA,NA,NA,NA,NA,NA,NA,0.972304363566938,0.905197794645824
481,NA,NA,NA,NA,NA,NA,NA,0.980137868617475,0.900897271735937
482,NA,NA,NA,NA,NA,NA,NA,0.990953977589297,0.906497457356837
483,NA,NA,NA,NA,NA,NA,NA,0.993020365824026,0.940823960197406
484,NA,NA,NA,NA,NA,NA,NA,0.995365145807219,0.939959604043339
485,NA,NA,NA,NA,NA,NA,NA,0.996578957716635,0.972113415438422
486,NA,NA,NA,NA,NA,NA,NA,0.996578957716635,0.972113415438422
487,NA,NA,NA,NA,NA,NA,NA,0.268853317184348,0.869731575940966
488,NA,NA,NA,NA,NA,NA,NA,0.882241155050331,0.833889269847745
489,NA,NA,NA,NA,NA,NA,NA,0.851073229952516,0.872853237046463
490,NA,NA,NA,NA,NA,NA,NA,0.931892457272175,0.866763772697012
491,NA,NA,NA,NA,NA,NA,NA,0.933198167458028,0.884832216966428
492,NA,NA,NA,NA,NA,NA,NA,0.971084538864448,0.904434685396019
493,NA,NA,NA,NA,NA,NA,NA,0.976709066193033,0.911586256037061
494,NA,NA,NA,NA,NA,NA,NA,0.977092070253273,0.940864414228006
495,NA,NA,NA,NA,NA,NA,NA,0.977092070253273,0.940864414228006
496,NA,NA,NA,NA,NA,NA,NA,0.388527709140073,0.659957400551683
497,NA,NA,NA,NA,NA,NA,NA,0.944161054702852,0.767693386935112
498,NA,NA,NA,NA,NA,NA,NA,0.974332888229971,0.78012617463848
499,NA,NA,NA,NA,NA,NA,NA,0.987628664574559,0.789678428380936
500,NA,NA,NA,NA,NA,NA,NA,0.982954275834342,0.745595207650214
501,NA,NA,NA,NA,NA,NA,NA,0.981368693525185,0.731073753174355
502,NA,NA,NA,NA,NA,NA,NA,0.972335083073853,0.663393245014368
503,NA,NA,NA,NA,NA,NA,NA,0.972335083073853,0.663393245014368
504,NA,NA,NA,NA,NA,NA,NA,0.315528574305094,0.774435198773876
505,NA,NA,NA,NA,NA,NA,NA,0.964179023506115,0.829843495671399
506,NA,NA,NA,NA,NA,NA,NA,0.960589437842552,0.834432549829555
507,NA,NA,NA,NA,NA,NA,NA,0.96967305557872,0.750997158394504
508,NA,NA,NA,NA,NA,NA,NA,0.945903756886956,0.717270918057351
509,NA,NA,NA,NA,NA,NA,NA,0.953646960535222,0.707459863247461
510,NA,NA,NA,NA,NA,NA,NA,0.953646960535222,0.707459863247461
511,NA,NA,NA,NA,NA,NA,NA,0.407979249653953,0.743328594500293
512,NA,NA,NA,NA,NA,NA,NA,0.937145009097925,0.881346170887603
513,NA,NA,NA,NA,NA,NA,NA,0.962078568435861,0.884161843240923
514,NA,NA,NA,NA,NA,NA,NA,0.972304363566938,0.905197794645824
515,NA,NA,NA,NA,NA,NA,NA,0.980137868617475,0.900897271735937
516,NA,NA,NA,NA,NA,NA,NA,0.990953977589297,0.906497457356837
517,NA,NA,NA,NA,NA,NA,NA,0.993020365824026,0.940823960197406
518,NA,NA,NA,NA,NA,NA,NA,0.995365145807219,0.939959604043339
519,NA,NA,NA,NA,NA,NA,NA,0.996578957716635,0.972113415438422
520,NA,NA,NA,NA,NA,NA,NA,0.996578957716635,0.972113415438422
521,NA,NA,NA,NA,NA,NA,NA,0.268853317184348,0.869731575940966
522,NA,NA,NA,NA,NA,NA,NA,0.882241155050331,0.833889269847745
523,NA,NA,NA,NA,NA,NA,NA,0.851073229952516,0.872853237046463
524,NA,NA,NA,NA,NA,NA,NA,0.931892457272175,0.866763772697012
525,NA,NA,NA,NA,NA,NA,NA,0.933198167458028,0.884832216966428
526,NA,NA,NA,NA,NA,NA,NA,0.971084538864448,0.904434685396019
527,NA,NA,NA,NA,NA,NA,NA,0.976709066193033,0.911586256037061
528,NA,NA,NA,NA,NA,NA,NA,0.977092070253273,0.940864414228006
529,NA,NA,NA,NA,NA,NA,NA,0.977092070253273,0.940864414228006
530,NA,NA,NA,NA,NA,NA,NA,0.388527709140073,0.659957400551683
531,NA,NA,NA,NA,NA,NA,NA,0.944161054702852,0.767693386935112
532,NA,NA,NA,NA,NA,NA,NA,0.974332888229971,0.78012617463848
533,NA,NA,NA,NA,NA,NA,NA,0.987628664574559,0.789678428380936
534,NA,NA,NA,NA,NA,NA,NA,0.982954275834342,0.745595207650214
535,NA,NA,NA,NA,NA,NA,NA,0.981368693525185,0.731073753174355
536,NA,NA,NA,NA,NA,NA,NA,0.972335083073853,0.663393245014368
537,NA,NA,NA,NA,NA,NA,NA,0.972335083073853,0.663393245014368
538,NA,NA,NA,NA,NA,NA,NA,0.315528574305094,0.774435198773876
539,NA,NA,NA,NA,NA,NA,NA,0.964179023506115,0.829843495671399
540,NA,NA,NA,NA,NA,NA,NA,0.960589437842552,0.834432549829555
541,NA,NA,NA,NA,NA,NA,NA,0.96967305557872,0.750997158394504
542,NA,NA,NA,NA,NA,NA,NA,0.945903756886956,0.717270918057351
543,NA,NA,NA,NA,NA,NA,NA,0.953646960535222,0.707459863247461
544,NA,NA,NA,NA,NA,NA,NA,0.953646960535222,0.707459863247461
545,NA,NA,NA,NA,NA,NA,NA,0.407979249653953,0.743328594500293
546,NA,NA,NA,NA,NA,NA,NA,0.937145009097925,0.881346170887603
547,NA,NA,NA,NA,NA,NA,NA,0.962078568435861,0.884161843240923
548,NA,NA,NA,NA,NA,NA,NA,0.972304363566938,0.905197794645824
549,NA,NA,NA,NA,NA,NA,NA,0.980137868617475,0.900897271735937
550,NA,NA,NA,NA,NA,NA,NA,0.990953977589297,0.906497457356837
551,NA,NA,NA,NA,NA,NA,NA,0.993020365824026,0.940823960197406
552,NA,NA,NA,NA,NA,NA,NA,0.995365145807219,0.939959604043339
553,NA,NA,NA,NA,NA,NA,NA,0.996578957716635,0.972113415438422
554,NA,NA,NA,NA,NA,NA,NA,0.996578957716635,0.972113415438422
555,NA,NA,NA,NA,NA,NA,NA,0.268853317184348,0.869731575940966
556,NA,NA,NA,NA,NA,NA,NA,0.882241155050331,0.833889269847745
557,NA,NA,NA,NA,NA,NA,NA,0.851073229952516,0.872853237046463
558,NA,NA,NA,NA,NA,NA,NA,0.931892457272175,0.866763772697012
559,NA,NA,NA,NA,NA,NA,NA,0.933198167458028,0.884832216966428
560,NA,NA,NA,NA,NA,NA,NA,0.971084538864448,0.904434685396019
561,NA,NA,NA,NA,NA,NA,NA,0.976709066193033,0.911586256037061
562,NA,NA,NA,NA,NA,NA,NA,0.977092070253273,0.940864414228006
563,NA,NA,NA,NA,NA,NA,NA,0.977092070253273,0.940864414228006
564,NA,NA,NA,NA,NA,NA,NA,0.388527709140073,0.659957400551683
565,NA,NA,NA,NA,NA,NA,NA,0.944161054702852,0.767693386935112
566,NA,NA,NA,NA,NA,NA,NA,0.974332888229971,0.78012617463848
567,NA,NA,NA,NA,NA,NA,NA,0.987628664574559,0.789678428380936
568,NA,NA,NA,NA,NA,NA,NA,0.982954275834342,0.745595207650214
569,NA,NA,NA,NA,NA,NA,NA,0.981368693525185,0.731073753174355
570,NA,NA,NA,NA,NA,NA,NA,0.972335083073853,0.663393245014368
571,NA,NA,NA,NA,NA,NA,NA,0.972335083073853,0.663393245014368
572,NA,NA,NA,NA,NA,NA,NA,0.315528574305094,0.774435198773876
573,NA,NA,NA,NA,NA,NA,NA,0.964179023506115,0.829843495671399
574,NA,NA,NA,NA,NA,NA,NA,0.960589437842552,0.834432549829555
575,NA,NA,NA,NA,NA,NA,NA,0.96967305557872,0.750997158394504
576,NA,NA,NA,NA,NA,NA,NA,0.945903756886956,0.717270918057351
577,NA,NA,NA,NA,NA,NA,NA,0.953646960535222,0.707459863247461
578,NA,NA,NA,NA,NA,NA,NA,0.953646960535222,0.707459863247461
579,NA,NA,NA,NA,NA,NA,NA,0.407979249653953,0.743328594500293
580,NA,NA,NA,NA,NA,NA,NA,0.937145009097925,0.881346170887603
581,NA,NA,NA,NA,NA,NA,NA,0.962078568435861,0.884161843240923
582,NA,NA,NA,NA,NA,NA,NA,0.972304363566938,0.905197794645824
583,NA,NA,NA,NA,NA,NA,NA,0.980137868617475,0.900897271735937
584,NA,NA,NA,NA,NA,NA,NA,0.990953977589297,0.906497457356837
585,NA,NA,NA,NA,NA,NA,NA,0.993020365824026,0.940823960197406
586,NA,NA,NA,NA,NA,NA,NA,0.995365145807219,0.939959604043339
587,NA,NA,NA,NA,NA,NA,NA,0.996578957716635,0.972113415438422
588,NA,NA,NA,NA,NA,NA,NA,0.996578957716635,0.972113415438422
589,NA,NA,NA,NA,NA,NA,NA,0.268853317184348,0.869731575940966
590,NA,NA,NA,NA,NA,NA,NA,0.882241155050331,0.833889269847745
591,NA,NA,NA,NA,NA,NA,NA,0.851073229952516,0.872853237046463
592,NA,NA,NA,NA,NA,NA,NA,0.931892457272175,0.866763772697012
593,NA,NA,NA,NA,NA,NA,NA,0.933198167458028,0.884832216966428
594,NA,NA,NA,NA,NA,NA,NA,0.971084538864448,0.904434685396019
595,NA,NA,NA,NA,NA,NA,NA,0.976709066193033,0.911586256037061
596,NA,NA,NA,NA,NA,NA,NA,0.977092070253273,0.940864414228006
597,NA,NA,NA,NA,NA,NA,NA,0.977092070253273,0.940864414228006
598,NA,NA,NA,NA,NA,NA,NA,0.388527709140073,0.659957400551683
599,NA,NA,NA,NA,NA,NA,NA,0.944161054702852,0.767693386935112
600,NA,NA,NA,NA,NA,NA,NA,0.974332888229971,0.78012617463848
601,NA,NA,NA,NA,NA,NA,NA,0.987628664574559,0.789678428380936
602,NA,NA,NA,NA,NA,NA,NA,0.982954275834342,0.745595207650214
603,NA,NA,NA,NA,NA,NA,NA,0.981368693525185,0.731073753174355
604,NA,NA,NA,NA,NA,NA,NA,0.972335083073853,0.663393245014368
605,NA,NA,NA,NA,NA,NA,NA,0.972335083073853,0.663393245014368
606,NA,NA,NA,NA,NA,NA,NA,0.315528574305094,0.774435198773876
607,NA,NA,NA,NA,NA,NA,NA,0.964179023506115,0.829843495671399
608,NA,NA,NA,NA,NA,NA,NA,0.960589437842552,0.834432549829555
609,NA,NA,NA,NA,NA,NA,NA,0.96967305557872,0.750997158394504
610,NA,NA,NA,NA,NA,NA,NA,0.945903756886956,0.717270918057351
611,NA,NA,NA,NA,NA,NA,NA,0.953646960535222,0.707459863247461
612,NA,NA,NA,NA,NA,NA,NA,0.953646960535222,0.707459863247461
613,NA,NA,NA,NA,NA,NA,NA,0.407979249653953,0.743328594500293
614,NA,NA,NA,NA,NA,NA,NA,0.937145009097925,0.881346170887603
615,NA,NA,NA,NA,NA,NA,NA,0.962078568435861,0.884161843240923
616,NA,NA,NA,NA,NA,NA,NA,0.972304363566938,0.905197794645824
617,NA,NA,NA,NA,NA,NA,NA,0.980137868617475,0.900897271735937
618,NA,NA,NA,NA,NA,NA,NA,0.990953977589297,0.906497457356837
619,NA,NA,NA,NA,NA,NA,NA,0.993020365824026,0.940823960197406
620,NA,NA,NA,NA,NA,NA,NA,0.995365145807219,0.939959604043339
621,NA,NA,NA,NA,NA,NA,NA,0.996578957716635,0.972113415438422
622,NA,NA,NA,NA,NA,NA,NA,0.996578957716635,0.972113415438422
623,NA,NA,NA,NA,NA,NA,NA,0.268853317184348,0.869731575940966
624,NA,NA,NA,NA,NA,NA,NA,0.882241155050331,0.833889269847745
625,NA,NA,NA,NA,NA,NA,NA,0.851073229952516,0.872853237046463
626,NA,NA,NA,NA,NA,NA,NA,0.931892457272175,0.866763772697012
627,NA,NA,NA,NA,NA,NA,NA,0.933198167458028,0.884832216966428
628,NA,NA,NA,NA,NA,NA,NA,0.971084538864448,0.904434685396019
629,NA,NA,NA,NA,NA,NA,NA,0.976709066193033,0.911586256037061
630,NA,NA,NA,NA,NA,NA,NA,0.977092070253273,0.940864414228006
631,NA,NA,NA,NA,NA,NA,NA,0.977092070253273,0.940864414228006
632,NA,NA,NA,NA,NA,NA,NA,0.388527709140073,0.659957400551683
633,NA,NA,NA,NA,NA,NA,NA,0.944161054702852,0.767693386935112
634,NA,NA,NA,NA,NA,NA,NA,0.974332888229971,0.78012617463848
635,NA,NA,NA,NA,NA,NA,NA,0.987628664574559,0.789678428380936
636,NA,NA,NA,NA,NA,NA,NA,0.982954275834342,0.745595207650214
637,NA,NA,NA,NA,NA,NA,NA,0.981368693525185,0.731073753174355
638,NA,NA,NA,NA,NA,NA,NA,0.972335083073853,0.663393245014368
639,NA,NA,NA,NA,NA,NA,NA,0.972335083073853,0.663393245014368
640,NA,NA,NA,NA,NA,NA,NA,0.315528574305094,0.774435198773876
641,NA,NA,NA,NA,NA,NA,NA,0.964179023506115,0.829843495671399
642,NA,NA,NA,NA,NA,NA,NA,0.960589437842552,0.834432549829555
643,NA,NA,NA,NA,NA,NA,NA,0.96967305557872,0.750997158394504
644,NA,NA,NA,NA,NA,NA,NA,0.945903756886956,0.717270918057351
645,NA,NA,NA,NA,NA,NA,NA,0.953646960535222,0.707459863247461
646,NA,NA,NA,NA,NA,NA,NA,0.953646960535222,0.707459863247461
647,NA,NA,NA,NA,NA,NA,NA,0.407979249653953,0.743328594500293
648,NA,NA,NA,NA,NA,NA,NA,0.937145009097925,0.881346170887603
649,NA,NA,NA,NA,NA,NA,NA,0.962078568435861,0.884161843240923
650,NA,NA,NA,NA,NA,NA,NA,0.972304363566938,0.905197794645824
651,NA,NA,NA,NA,NA,NA,NA,0.980137868617475,0.900897271735937
652,NA,NA,NA,NA,NA,NA,NA,0.990953977589297,0.906497457356837
653,NA,NA,NA,NA,NA,NA,NA,0.993020365824026,0.940823960197406
654,NA,NA,NA,NA,NA,NA,NA,0.995365145807219,0.939959604043339
655,NA,NA,NA,NA,NA,NA,NA,0.996578957716635,0.972113415438422
656,NA,NA,NA,NA,NA,NA,NA,0.996578957716635,0.972113415438422
657,NA,NA,NA,NA,NA,NA,NA,0.268853317184348,0.869731575940966
658,NA,NA,NA,NA,NA,NA,NA,0.882241155050331,0.833889269847745
659,NA,NA,NA,NA,NA,NA,NA,0.851073229952516,0.872853237046463
660,NA,NA,NA,NA,NA,NA,NA,0.931892457272175,0.866763772697012
661,NA,NA,NA,NA,NA,NA,NA,0.933198167458028,0.884832216966428
662,NA,NA,NA,NA,NA,NA,NA,0.971084538864448,0.904434685396019
663,NA,NA,NA,NA,NA,NA,NA,0.976709066193033,0.911586256037061
664,NA,NA,NA,NA,NA,NA,NA,0.977092070253273,0.940864414228006
665,NA,NA,NA,NA,NA,NA,NA,0.977092070253273,0.940864414228006
666,NA,NA,NA,NA,NA,NA,NA,0.388527709140073,0.659957400551683
667,NA,NA,NA,NA,NA,NA,NA,0.944161054702852,0.767693386935112
668,NA,NA,NA,NA,NA,NA,NA,0.974332888229971,0.78012617463848
669,NA,NA,NA,NA,NA,NA,NA,0.987628664574559,0.789678428380936
670,NA,NA,NA,NA,NA,NA,NA,0.982954275834342,0.745595207650214
671,NA,NA,NA,NA,NA,NA,NA,0.981368693525185,0.731073753174355
672,NA,NA,NA,NA,NA,NA,NA,0.972335083073853,0.663393245014368
673,NA,NA,NA,NA,NA,NA,NA,0.972335083073853,0.663393245014368
674,NA,NA,NA,NA,NA,NA,NA,0.315528574305094,0.774435198773876
675,NA,NA,NA,NA,NA,NA,NA,0.964179023506115,0.829843495671399
676,NA,NA,NA,NA,NA,NA,NA,0.960589437842552,0.834432549829555
677,NA,NA,NA,NA,NA,NA,NA,0.96967305557872,0.750997158394504
678,NA,NA,NA,NA,NA,NA,NA,0.945903756886956,0.717270918057351
679,NA,NA,NA,NA,NA,NA,NA,0.953646960535222,0.707459863247461
680,NA,NA,NA,NA,NA,NA,NA,0.953646960535222,0.707459863247461
681,NA,NA,NA,NA,NA,NA,NA,0.407979249653953,0.743328594500293
682,NA,NA,NA,NA,NA,NA,NA,0.937145009097925,0.881346170887603
683,NA,NA,NA,NA,NA,NA,NA,0.962078568435861,0.884161843240923
684,NA,NA,NA,NA,NA,NA,NA,0.972304363566938,0.905197794645824
685,NA,NA,NA,NA,NA,NA,NA,0.980137868617475,0.900897271735937
686,NA,NA,NA,NA,NA,NA,NA,0.990953977589297,0.906497457356837
687,NA,NA,NA,NA,NA,NA,NA,0.993020365824026,0.940823960197406
688,NA,NA,NA,NA,NA,NA,NA,0.995365145807219,0.939959604043339
689,NA,NA,NA,NA,NA,NA,NA,0.996578957716635,0.972113415438422
690,NA,NA,NA,NA,NA,NA,NA,0.996578957716635,0.972113415438422
691,NA,NA,NA,NA,NA,NA,NA,0.268853317184348,0.869731575940966
692,NA,NA,NA,NA,NA,NA,NA,0.882241155050331,0.833889269847745
693,NA,NA,NA,NA,NA,NA,NA,0.851073229952516,0.872853237046463
694,NA,NA,NA,NA,NA,NA,NA,0.931892457272175,0.866763772697012
695,NA,NA,NA,NA,NA,NA,NA,0.933198167458028,0.884832216966428
696,NA,NA,NA,NA,NA,NA,NA,0.971084538864448,0.904434685396019
697,NA,NA,NA,NA,NA,NA,NA,0.976709066193033,0.911586256037061
698,NA,NA,NA,NA,NA,NA,NA,0.977092070253273,0.940864414228006
699,NA,NA,NA,NA,NA,NA,NA,0.977092070253273,0.940864414228006
700,NA,NA,NA,NA,NA,NA,NA,0.388527709140073,0.659957400551683
701,NA,NA,NA,NA,NA,NA,NA,0.944161054702852,0.767693386935112
702,NA,NA,NA,NA,NA,NA,NA,0.974332888229971,0.78012617463848
703,NA,NA,NA,NA,NA,NA,NA,0.987628664574559,0.789678428380936
704,NA,NA,NA,NA,NA,NA,NA,0.982954275834342,0.745595207650214
705,NA,NA,NA,NA,NA,NA,NA,0.981368693525185,0.731073753174355
706,NA,NA,NA,NA,NA,NA,NA,0.972335083073853,0.663393245014368
707,NA,NA,NA,NA,NA,NA,NA,0.972335083073853,0.663393245014368
708,NA,NA,NA,NA,NA,NA,NA,0.315528574305094,0.774435198773876
709,NA,NA,NA,NA,NA,NA,NA,0.964179023506115,0.829843495671399
710,NA,NA,NA,NA,NA,NA,NA,0.960589437842552,0.834432549829555
711,NA,NA,NA,NA,NA,NA,NA,0.96967305557872,0.750997158394504
712,NA,NA,NA,NA,NA,NA,NA,0.945903756886956,0.717270918057351
713,NA,NA,NA,NA,NA,NA,NA,0.953646960535222,0.707459863247461
714,NA,NA,NA,NA,NA,NA,NA,0.953646960535222,0.707459863247461
715,NA,NA,NA,NA,NA,NA,NA,0.407979249653953,0.743328594500293
716,NA,NA,NA,NA,NA,NA,NA,0.937145009097925,0.881346170887603
717,NA,NA,NA,NA,NA,NA,NA,0.962078568435861,0.884161843240923
718,NA,NA,NA,NA,NA,NA,NA,0.972304363566938,0.905197794645824
719,NA,NA,NA,NA,NA,NA,NA,0.980137868617475,0.900897271735937
720,NA,NA,NA,NA,NA,NA,NA,0.990953977589297,0.906497457356837
721,NA,NA,NA,NA,NA,NA,NA,0.993020365824026,0.940823960197406
722,NA,NA,NA,NA,NA,NA,NA,0.995365145807219,0.939959604043339
723,NA,NA,NA,NA,NA,NA,NA,0.996578957716635,0.972113415438422
724,NA,NA,NA,NA,NA,NA,NA,0.996578957716635,0.972113415438422
725,NA,NA,NA,NA,NA,NA,NA,0.268853317184348,0.869731575940966
726,NA,NA,NA,NA,NA,NA,NA,0.882241155050331,0.833889269847745
727,NA,NA,NA,NA,NA,NA,NA,0.851073229952516,0.872853237046463
728,NA,NA,NA,NA,NA,NA,NA,0.931892457272175,0.866763772697012
729,NA,NA,NA,NA,NA,NA,NA,0.933198167458028,0.884832216966428
730,NA,NA,NA,NA,NA,NA,NA,0.971084538864448,0.904434685396019
731,NA,NA,NA,NA,NA,NA,NA,0.976709066193033,0.911586256037061
732,NA,NA,NA,NA,NA,NA,NA,0.977092070253273,0.940864414228006
733,NA,NA,NA,NA,NA,NA,NA,0.977092070253273,0.940864414228006
734,NA,NA,NA,NA,NA,NA,NA,0.388527709140073,0.659957400551683
735,NA,NA,NA,NA,NA,NA,NA,0.944161054702852,0.767693386935112
736,NA,NA,NA,NA,NA,NA,NA,0.974332888229971,0.78012617463848
737,NA,NA,NA,NA,NA,NA,NA,0.987628664574559,0.789678428380936
738,NA,NA,NA,NA,NA,NA,NA,0.982954275834342,0.745595207650214
739,NA,NA,NA,NA,NA,NA,NA,0.981368693525185,0.731073753174355
740,NA,NA,NA,NA,NA,NA,NA,0.972335083073853,0.663393245014368
741,NA,NA,NA,NA,NA,NA,NA,0.972335083073853,0.663393245014368
742,NA,NA,NA,NA,NA,NA,NA,0.315528574305094,0.774435198773876
743,NA,NA,NA,NA,NA,NA,NA,0.964179023506115,0.829843495671399
744,NA,NA,NA,NA,NA,NA,NA,0.960589437842552,0.834432549829555
745,NA,NA,NA,NA,NA,NA,NA,0.96967305557872,0.750997158394504
746,NA,NA,NA,NA,NA,NA,NA,0.945903756886956,0.717270918057351
747,NA,NA,NA,NA,NA,NA,NA,0.953646960535222,0.707459863247461
748,NA,NA,NA,NA,NA,NA,NA,0.953646960535222,0.707459863247461
749,NA,NA,NA,NA,NA,NA,NA,0.407979249653953,0.743328594500293
750,NA,NA,NA,NA,NA,NA,NA,0.937145009097925,0.881346170887603
751,NA,NA,NA,NA,NA,NA,NA,0.962078568435861,0.884161843240923
752,NA,NA,NA,NA,NA,NA,NA,0.972304363566938,0.905197794645824
753,NA,NA,NA,NA,NA,NA,NA,0.980137868617475,0.900897271735937
754,NA,NA,NA,NA,NA,NA,NA,0.990953977589297,0.906497457356837
755,NA,NA,NA,NA,NA,NA,NA,0.993020365824026,0.940823960197406
756,NA,NA,NA,NA,NA,NA,NA,0.995365145807219,0.939959604043339
757,NA,NA,NA,NA,NA,NA,NA,0.996578957716635,0.972113415438422
758,NA,NA,NA,NA,NA,NA,NA,0.996578957716635,0.972113415438422
759,NA,NA,NA,NA,NA,NA,NA,0.268853317184348,0.869731575940966
760,NA,NA,NA,NA,NA,NA,NA,0.882241155050331,0.833889269847745
761,NA,NA,NA,NA,NA,NA,NA,0.851073229952516,0.872853237046463
762,NA,NA,NA,NA,NA,NA,NA,0.931892457272175,0.866763772697012
763,NA,NA,NA,NA,NA,NA,NA,0.933198167458028,0.884832216966428
764,NA,NA,NA,NA,NA,NA,NA,0.971084538864448,0.904434685396019
765,NA,NA,NA,NA,NA,NA,NA,0.976709066193033,0.911586256037061
766,NA,NA,NA,NA,NA,NA,NA,0.977092070253273,0.940864414228006
767,NA,NA,NA,NA,NA,NA,NA,0.977092070253273,0.940864414228006
768,NA,NA,NA,NA,NA,NA,NA,0.388527709140073,0.659957400551683
769,NA,NA,NA,NA,NA,NA,NA,0.944161054702852,0.767693386935112
770,NA,NA,NA,NA,NA,NA,NA,0.974332888229971,0.78012617463848
771,NA,NA,NA,NA,NA,NA,NA,0.987628664574559,0.789678428380936
772,NA,NA,NA,NA,NA,NA,NA,0.982954275834342,0.745595207650214
773,NA,NA,NA,NA,NA,NA,NA,0.981368693525185,0.731073753174355
774,NA,NA,NA,NA,NA,NA,NA,0.972335083073853,0.663393245014368
775,NA,NA,NA,NA,NA,NA,NA,0.972335083073853,0.663393245014368
776,NA,NA,NA,NA,NA,NA,NA,0.315528574305094,0.774435198773876
777,NA,NA,NA,NA,NA,NA,NA,0.964179023506115,0.829843495671399
778,NA,NA,NA,NA,NA,NA,NA,0.960589437842552,0.834432549829555
779,NA,NA,NA,NA,NA,NA,NA,0.96967305557872,0.750997158394504
780,NA,NA,NA,NA,NA,NA,NA,0.945903756886956,0.717270918057351
781,NA,NA,NA,NA,NA,NA,NA,0.953646960535222,0.707459863247461
782,NA,NA,NA,NA,NA,NA,NA,0.953646960535222,0.707459863247461
783,NA,NA,NA,NA,NA,NA,NA,0.407979249653953,0.743328594500293
784,NA,NA,NA,NA,NA,NA,NA,0.937145009097925,0.881346170887603
785,NA,NA,NA,NA,NA,NA,NA,0.962078568435861,0.884161843240923
786,NA,NA,NA,NA,NA,NA,NA,0.972304363566938,0.905197794645824
787,NA,NA,NA,NA,NA,NA,NA,0.980137868617475,0.900897271735937
788,NA,NA,NA,NA,NA,NA,NA,0.990953977589297,0.906497457356837
789,NA,NA,NA,NA,NA,NA,NA,0.993020365824026,0.940823960197406
790,NA,NA,NA,NA,NA,NA,NA,0.995365145807219,0.939959604043339
791,NA,NA,NA,NA,NA,NA,NA,0.996578957716635,0.972113415438422
792,NA,NA,NA,NA,NA,NA,NA,0.996578957716635,0.972113415438422
793,NA,NA,NA,NA,NA,NA,NA,0.268853317184348,0.869731575940966
794,NA,NA,NA,NA,NA,NA,NA,0.882241155050331,0.833889269847745
795,NA,NA,NA,NA,NA,NA,NA,0.851073229952516,0.872853237046463
796,NA,NA,NA,NA,NA,NA,NA,0.931892457272175,0.866763772697012
797,NA,NA,NA,NA,NA,NA,NA,0.933198167458028,0.884832216966428
798,NA,NA,NA,NA,NA,NA,NA,0.971084538864448,0.904434685396019
799,NA,NA,NA,NA,NA,NA,NA,0.976709066193033,0.911586256037061
800,NA,NA,NA,NA,NA,NA,NA,0.977092070253273,0.940864414228006
801,NA,NA,NA,NA,NA,NA,NA,0.977092070253273,0.940864414228006
802,NA,NA,NA,NA,NA,NA,NA,0.388527709140073,0.659957400551683
803,NA,NA,NA,NA,NA,NA,NA,0.944161054702852,0.767693386935112
804,NA,NA,NA,NA,NA,NA,NA,0.974332888229971,0.78012617463848
805,NA,NA,NA,NA,NA,NA,NA,0.987628664574559,0.789678428380936
806,NA,NA,NA,NA,NA,NA,NA,0.982954275834342,0.745595207650214
807,NA,NA,NA,NA,NA,NA,NA,0.981368693525185,0.731073753174355
808,NA,NA,NA,NA,NA,NA,NA,0.972335083073853,0.663393245014368
809,NA,NA,NA,NA,NA,NA,NA,0.972335083073853,0.663393245014368
810,NA,NA,NA,NA,NA,NA,NA,0.315528574305094,0.774435198773876
811,NA,NA,NA,NA,NA,NA,NA,0.964179023506115,0.829843495671399
812,NA,NA,NA,NA,NA,NA,NA,0.960589437842552,0.834432549829555
813,NA,NA,NA,NA,NA,NA,NA,0.96967305557872,0.750997158394504
814,NA,NA,NA,NA,NA,NA,NA,0.945903756886956,0.717270918057351
815,NA,NA,NA,NA,NA,NA,NA,0.953646960535222,0.707459863247461
816,NA,NA,NA,NA,NA,NA,NA,0.953646960535222,0.707459863247461
817,NA,NA,NA,NA,NA,NA,NA,0.407979249653953,0.743328594500293
818,NA,NA,NA,NA,NA,NA,NA,0.937145009097925,0.881346170887603
819,NA,NA,NA,NA,NA,NA,NA,0.962078568435861,0.884161843240923
820,NA,NA,NA,NA,NA,NA,NA,0.972304363566938,0.905197794645824
821,NA,NA,NA,NA,NA,NA,NA,0.980137868617475,0.900897271735937
822,NA,NA,NA,NA,NA,NA,NA,0.990953977589297,0.906497457356837
823,NA,NA,NA,NA,NA,NA,NA,0.993020365824026,0.940823960197406
824,NA,NA,NA,NA,NA,NA,NA,0.995365145807219,0.939959604043339
825,NA,NA,NA,NA,NA,NA,NA,0.996578957716635,0.972113415438422
826,NA,NA,NA,NA,NA,NA,NA,0.996578957716635,0.972113415438422
827,NA,NA,NA,NA,NA,NA,NA,0.268853317184348,0.869731575940966
828,NA,NA,NA,NA,NA,NA,NA,0.882241155050331,0.833889269847745
829,NA,NA,NA,NA,NA,NA,NA,0.851073229952516,0.872853237046463
830,NA,NA,NA,NA,NA,NA,NA,0.931892457272175,0.866763772697012
831,NA,NA,NA,NA,NA,NA,NA,0.933198167458028,0.884832216966428
832,NA,NA,NA,NA,NA,NA,NA,0.971084538864448,0.904434685396019
833,NA,NA,NA,NA,NA,NA,NA,0.976709066193033,0.911586256037061
834,NA,NA,NA,NA,NA,NA,NA,0.977092070253273,0.940864414228006
835,NA,NA,NA,NA,NA,NA,NA,0.977092070253273,0.940864414228006
836,NA,NA,NA,NA,NA,NA,NA,0.388527709140073,0.659957400551683
837,NA,NA,NA,NA,NA,NA,NA,0.944161054702852,0.767693386935112
838,NA,NA,NA,NA,NA,NA,NA,0.974332888229971,0.78012617463848
839,NA,NA,NA,NA,NA,NA,NA,0.987628664574559,0.789678428380936
840,NA,NA,NA,NA,NA,NA,NA,0.982954275834342,0.745595207650214
841,NA,NA,NA,NA,NA,NA,NA,0.981368693525185,0.731073753174355
842,NA,NA,NA,NA,NA,NA,NA,0.972335083073853,0.663393245014368
843,NA,NA,NA,NA,NA,NA,NA,0.972335083073853,0.663393245014368
844,NA,NA,NA,NA,NA,NA,NA,0.315528574305094,0.774435198773876
845,NA,NA,NA,NA,NA,NA,NA,0.964179023506115,0.829843495671399
846,NA,NA,NA,NA,NA,NA,NA,0.960589437842552,0.834432549829555
847,NA,NA,NA,NA,NA,NA,NA,0.96967305557872,0.750997158394504
848,NA,NA,NA,NA,NA,NA,NA,0.945903756886956,0.717270918057351
849,NA,NA,NA,NA,NA,NA,NA,0.953646960535222,0.707459863247461
850,NA,NA,NA,NA,NA,NA,NA,0.953646960535222,0.707459863247461
851,NA,NA,NA,NA,NA,NA,NA,0.407979249653953,0.743328594500293
852,NA,NA,NA,NA,NA,NA,NA,0.937145009097925,0.881346170887603
853,NA,NA,NA,NA,NA,NA,NA,0.962078568435861,0.884161843240923
854,NA,NA,NA,NA,NA,NA,NA,0.972304363566938,0.905197794645824
855,NA,NA,NA,NA,NA,NA,NA,0.980137868617475,0.900897271735937
856,NA,NA,NA,NA,NA,NA,NA,0.990953977589297,0.906497457356837
857,NA,NA,NA,NA,NA,NA,NA,0.993020365824026,0.940823960197406
858,NA,NA,NA,NA,NA,NA,NA,0.995365145807219,0.939959604043339
859,NA,NA,NA,NA,NA,NA,NA,0.996578957716635,0.972113415438422
860,NA,NA,NA,NA,NA,NA,NA,0.996578957716635,0.972113415438422
861,NA,NA,NA,NA,NA,NA,NA,0.268853317184348,0.869731575940966
862,NA,NA,NA,NA,NA,NA,NA,0.882241155050331,0.833889269847745
863,NA,NA,NA,NA,NA,NA,NA,0.851073229952516,0.872853237046463
864,NA,NA,NA,NA,NA,NA,NA,0.931892457272175,0.866763772697012
865,NA,NA,NA,NA,NA,NA,NA,0.933198167458028,0.884832216966428
866,NA,NA,NA,NA,NA,NA,NA,0.971084538864448,0.904434685396019
867,NA,NA,NA,NA,NA,NA,NA,0.976709066193033,0.911586256037061
868,NA,NA,NA,NA,NA,NA,NA,0.977092070253273,0.940864414228006
869,NA,NA,NA,NA,NA,NA,NA,0.977092070253273,0.940864414228006
870,NA,NA,NA,NA,NA,NA,NA,0.388527709140073,0.659957400551683
871,NA,NA,NA,NA,NA,NA,NA,0.944161054702852,0.767693386935112
872,NA,NA,NA,NA,NA,NA,NA,0.974332888229971,0.78012617463848
873,NA,NA,NA,NA,NA,NA,NA,0.987628664574559,0.789678428380936
874,NA,NA,NA,NA,NA,NA,NA,0.982954275834342,0.745595207650214
875,NA,NA,NA,NA,NA,NA,NA,0.981368693525185,0.731073753174355
876,NA,NA,NA,NA,NA,NA,NA,0.972335083073853,0.663393245014368
877,NA,NA,NA,NA,NA,NA,NA,0.972335083073853,0.663393245014368
878,NA,NA,NA,NA,NA,NA,NA,0.315528574305094,0.774435198773876
879,NA,NA,NA,NA,NA,NA,NA,0.964179023506115,0.829843495671399
880,NA,NA,NA,NA,NA,NA,NA,0.960589437842552,0.834432549829555
881,NA,NA,NA,NA,NA,NA,NA,0.96967305557872,0.750997158394504
882,NA,NA,NA,NA,NA,NA,NA,0.945903756886956,0.717270918057351
883,NA,NA,NA,NA,NA,NA,NA,0.953646960535222,0.707459863247461
884,NA,NA,NA,NA,NA,NA,NA,0.953646960535222,0.707459863247461
885,NA,NA,NA,NA,NA,NA,NA,0.407979249653953,0.743328594500293
886,NA,NA,NA,NA,NA,NA,NA,0.937145009097925,0.881346170887603
887,NA,NA,NA,NA,NA,NA,NA,0.962078568435861,0.884161843240923
888,NA,NA,NA,NA,NA,NA,NA,0.972304363566938,0.905197794645824
889,NA,NA,NA,NA,NA,NA,NA,0.980137868617475,0.900897271735937
890,NA,NA,NA,NA,NA,NA,NA,0.990953977589297,0.906497457356837
891,NA,NA,NA,NA,NA,NA,NA,0.993020365824026,0.940823960197406
892,NA,NA,NA,NA,NA,NA,NA,0.995365145807219,0.939959604043339
893,NA,NA,NA,NA,NA,NA,NA,0.996578957716635,0.972113415438422
894,NA,NA,NA,NA,NA,NA,NA,0.996578957716635,0.972113415438422
895,NA,NA,NA,NA,NA,NA,NA,0.268853317184348,0.869731575940966
896,NA,NA,NA,NA,NA,NA,NA,0.882241155050331,0.833889269847745
897,NA,NA,NA,NA,NA,NA,NA,0.851073229952516,0.872853237046463
898,NA,NA,NA,NA,NA,NA,NA,0.931892457272175,0.866763772697012
899,NA,NA,NA,NA,NA,NA,NA,0.933198167458028,0.884832216966428
900,NA,NA,NA,NA,NA,NA,NA,0.971084538864448,0.904434685396019
901,NA,NA,NA,NA,NA,NA,NA,0.976709066193033,0.911586256037061
902,NA,NA,NA,NA,NA,NA,NA,0.977092070253273,0.940864414228006
903,NA,NA,NA,NA,NA,NA,NA,0.977092070253273,0.940864414228006
904,NA,NA,NA,NA,NA,NA,NA,0.388527709140073,0.659957400551683
905,NA,NA,NA,NA,NA,NA,NA,0.944161054702852,0.767693386935112
906,NA,NA,NA,NA,NA,NA,NA,0.974332888229971,0.78012617463848
907,NA,NA,NA,NA,NA,NA,NA,0.987628664574559,0.789678428380936
908,NA,NA,NA,NA,NA,NA,NA,0.982954275834342,0.745595207650214
909,NA,NA,NA,NA,NA,NA,NA,0.981368693525185,0.731073753174355
910,NA,NA,NA,NA,NA,NA,NA,0.972335083073853,0.663393245014368
911,NA,NA,NA,NA,NA,NA,NA,0.972335083073853,0.663393245014368
912,NA,NA,NA,NA,NA,NA,NA,0.315528574305094,0.774435198773876
913,NA,NA,NA,NA,NA,NA,NA,0.964179023506115,0.829843495671399
914,NA,NA,NA,NA,NA,NA,NA,0.960589437842552,0.834432549829555
915,NA,NA,NA,NA,NA,NA,NA,0.96967305557872,0.750997158394504
916,NA,NA,NA,NA,NA,NA,NA,0.945903756886956,0.717270918057351
917,NA,NA,NA,NA,NA,NA,NA,0.953646960535222,0.707459863247461
918,NA,NA,NA,NA,NA,NA,NA,0.953646960535222,0.707459863247461
919,NA,NA,NA,NA,NA,NA,NA,0.407979249653953,0.743328594500293
920,NA,NA,NA,NA,NA,NA,NA,0.937145009097925,0.881346170887603
921,NA,NA,NA,NA,NA,NA,NA,0.962078568435861,0.884161843240923
922,NA,NA,NA,NA,NA,NA,NA,0.972304363566938,0.905197794645824
923,NA,NA,NA,NA,NA,NA,NA,0.980137868617475,0.900897271735937
924,NA,NA,NA,NA,NA,NA,NA,0.990953977589297,0.906497457356837
925,NA,NA,NA,NA,NA,NA,NA,0.993020365824026,0.940823960197406
926,NA,NA,NA,NA,NA,NA,NA,0.995365145807219,0.939959604043339
927,NA,NA,NA,NA,NA,NA,NA,0.996578957716635,0.972113415438422
928,NA,NA,NA,NA,NA,NA,NA,0.996578957716635,0.972113415438422
929,NA,NA,NA,NA,NA,NA,NA,0.268853317184348,0.869731575940966
930,NA,NA,NA,NA,NA,NA,NA,0.882241155050331,0.833889269847745
931,NA,NA,NA,NA,NA,NA,NA,0.851073229952516,0.872853237046463
932,NA,NA,NA,NA,NA,NA,NA,0.931892457272175,0.866763772697012
933,NA,NA,NA,NA,NA,NA,NA,0.933198167458028,0.884832216966428
934,NA,NA,NA,NA,NA,NA,NA,0.971084538864448,0.904434685396019
935,NA,NA,NA,NA,NA,NA,NA,0.976709066193033,0.911586256037061
936,NA,NA,NA,NA,NA,NA,NA,0.977092070253273,0.940864414228006
937,NA,NA,NA,NA,NA,NA,NA,0.977092070253273,0.940864414228006
938,NA,NA,NA,NA,NA,NA,NA,0.388527709140073,0.659957400551683
939,NA,NA,NA,NA,NA,NA,NA,0.944161054702852,0.767693386935112
940,NA,NA,NA,NA,NA,NA,NA,0.974332888229971,0.78012617463848
941,NA,NA,NA,NA,NA,NA,NA,0.987628664574559,0.789678428380936
942,NA,NA,NA,NA,NA,NA,NA,0.982954275834342,0.745595207650214
943,NA,NA,NA,NA,NA,NA,NA,0.981368693525185,0.731073753174355
944,NA,NA,NA,NA,NA,NA,NA,0.972335083073853,0.663393245014368
945,NA,NA,NA,NA,NA,NA,NA,0.972335083073853,0.663393245014368
946,NA,NA,NA,NA,NA,NA,NA,0.315528574305094,0.774435198773876
947,NA,NA,NA,NA,NA,NA,NA,0.964179023506115,0.829843495671399
948,NA,NA,NA,NA,NA,NA,NA,0.960589437842552,0.834432549829555
949,NA,NA,NA,NA,NA,NA,NA,0.96967305557872,0.750997158394504
950,NA,NA,NA,NA,NA,NA,NA,0.945903756886956,0.717270918057351
951,NA,NA,NA,NA,NA,NA,NA,0.953646960535222,0.707459863247461
952,NA,NA,NA,NA,NA,NA,NA,0.953646960535222,0.707459863247461
953,NA,NA,NA,NA,NA,NA,NA,0.407979249653953,0.743328594500293
954,NA,NA,NA,NA,NA,NA,NA,0.937145009097925,0.881346170887603
955,NA,NA,NA,NA,NA,NA,NA,0.962078568435861,0.884161843240923
956,NA,NA,NA,NA,NA,NA,NA,0.972304363566938,0.905197794645824
957,NA,NA,NA,NA,NA,NA,NA,0.980137868617475,0.900897271735937
958,NA,NA,NA,NA,NA,NA,NA,0.990953977589297,0.906497457356837
959,NA,NA,NA,NA,NA,NA,NA,0.993020365824026,0.940823960197406
960,NA,NA,NA,NA,NA,NA,NA,0.995365145807219,0.939959604043339
961,NA,NA,NA,NA,NA,NA,NA,0.996578957716635,0.972113415438422
962,NA,NA,NA,NA,NA,NA,NA,0.996578957716635,0.972113415438422
963,NA,NA,NA,NA,NA,NA,NA,0.268853317184348,0.869731575940966
964,NA,NA,NA,NA,NA,NA,NA,0.882241155050331,0.833889269847745
965,NA,NA,NA,NA,NA,NA,NA,0.851073229952516,0.872853237046463
966,NA,NA,NA,NA,NA,NA,NA,0.931892457272175,0.866763772697012
967,NA,NA,NA,NA,NA,NA,NA,0.933198167458028,0.884832216966428
968,NA,NA,NA,NA,NA,NA,NA,0.971084538864448,0.904434685396019
969,NA,NA,NA,NA,NA,NA,NA,0.976709066193033,0.911586256037061
970,NA,NA,NA,NA,NA,NA,NA,0.977092070253273,0.940864414228006
971,NA,NA,NA,NA,NA,NA,NA,0.977092070253273,0.940864414228006
972,NA,NA,NA,NA,NA,NA,NA,0.388527709140073,0.659957400551683
973,NA,NA,NA,NA,NA,NA,NA,0.944161054702852,0.767693386935112
974,NA,NA,NA,NA,NA,NA,NA,0.974332888229971,0.78012617463848
975,NA,NA,NA,NA,NA,NA,NA,0.987628664574559,0.789678428380936
976,NA,NA,NA,NA,NA,NA,NA,0.982954275834342,0.745595207650214
977,NA,NA,NA,NA,NA,NA,NA,0.981368693525185,0.731073753174355
978,NA,NA,NA,NA,NA,NA,NA,0.972335083073853,0.663393245014368
979,NA,NA,NA,NA,NA,NA,NA,0.972335083073853,0.663393245014368
980,NA,NA,NA,NA,NA,NA,NA,0.315528574305094,0.774435198773876
981,NA,NA,NA,NA,NA,NA,NA,0.964179023506115,0.829843495671399
982,NA,NA,NA,NA,NA,NA,NA,0.960589437842552,0.834432549829555
983,NA,NA,NA,NA,NA,NA,NA,0.96967305557872,0.750997158394504
984,NA,NA,NA,NA,NA,NA,NA,0.945903756886956,0.717270918057351
985,NA,NA,NA,NA,NA,NA,NA,0.953646960535222,0.707459863247461
986,NA,NA,NA,NA,NA,NA,NA,0.953646960535222,0.707459863247461
987,NA,NA,NA,NA,NA,NA,NA,0.407979249653953,0.743328594500293
988,NA,NA,NA,NA,NA,NA,NA,0.937145009097925,0.881346170887603
989,NA,NA,NA,NA,NA,NA,NA,0.962078568435861,0.884161843240923
990,NA,NA,NA,NA,NA,NA,NA,0.972304363566938,0.905197794645824
991,NA,NA,NA,NA,NA,NA,NA,0.980137868617475,0.900897271735937
992,NA,NA,NA,NA,NA,NA,NA,0.990953977589297,0.906497457356837
993,NA,NA,NA,NA,NA,NA,NA,0.993020365824026,0.940823960197406
994,NA,NA,NA,NA,NA,NA,NA,0.995365145807219,0.939959604043339
995,NA,NA,NA,NA,NA,NA,NA,0.996578957716635,0.972113415438422
996,NA,NA,NA,NA,NA,NA,NA,0.996578957716635,0.972113415438422
997,NA,NA,NA,NA,NA,NA,NA,0.268853317184348,0.869731575940966
998,NA,NA,NA,NA,NA,NA,NA,0.882241155050331,0.833889269847745
999,NA,NA,NA,NA,NA,NA,NA,0.851073229952516,0.872853237046463
1000,NA,NA,NA,NA,NA,NA,NA,0.931892457272175,0.866763772697012
1001,NA,NA,NA,NA,NA,NA,NA,0.933198167458028,0.884832216966428
1002,NA,NA,NA,NA,NA,NA,NA,0.971084538864448,0.904434685396019
1003,NA,NA,NA,NA,NA,NA,NA,0.976709066193033,0.911586256037061
1004,NA,NA,NA,NA,NA,NA,NA,0.977092070253273,0.940864414228006
1005,NA,NA,NA,NA,NA,NA,NA,0.977092070253273,0.940864414228006
1006,NA,NA,NA,NA,NA,NA,NA,0.388527709140073,0.659957400551683
1007,NA,NA,NA,NA,NA,NA,NA,0.944161054702852,0.767693386935112
1008,NA,NA,NA,NA,NA,NA,NA,0.974332888229971,0.78012617463848
1009,NA,NA,NA,NA,NA,NA,NA,0.987628664574559,0.789678428380936
1010,NA,NA,NA,NA,NA,NA,NA,0.982954275834342,0.745595207650214
1011,NA,NA,NA,NA,NA,NA,NA,0.981368693525185,0.731073753174355
1012,NA,NA,NA,NA,NA,NA,NA,0.972335083073853,0.663393245014368
1013,NA,NA,NA,NA,NA,NA,NA,0.972335083073853,0.663393245014368
1014,NA,NA,NA,NA,NA,NA,NA,0.315528574305094,0.774435198773876
1015,NA,NA,NA,NA,NA,NA,NA,0.964179023506115,0.829843495671399
1016,NA,NA,NA,NA,NA,NA,NA,0.960589437842552,0.834432549829555
1017,NA,NA,NA,NA,NA,NA,NA,0.96967305557872,0.750997158394504
1018,NA,NA,NA,NA,NA,NA,NA,0.945903756886956,0.717270918057351
1019,NA,NA,NA,NA,NA,NA,NA,0.953646960535222,0.707459863247461
1020,NA,NA,NA,NA,NA,NA,NA,0.953646960535222,0.707459863247461
1021,NA,NA,NA,NA,NA,NA,NA,0.407979249653953,0.743328594500293
1022,NA,NA,NA,NA,NA,NA,NA,0.937145009097925,0.881346170887603
1023,NA,NA,NA,NA,NA,NA,NA,0.962078568435861,0.884161843240923
1024,NA,NA,NA,NA,NA,NA,NA,0.972304363566938,0.905197794645824
1025,NA,NA,NA,NA,NA,NA,NA,0.980137868617475,0.900897271735937
1026,NA,NA,NA,NA,NA,NA,NA,0.990953977589297,0.906497457356837
1027,NA,NA,NA,NA,NA,NA,NA,0.993020365824026,0.940823960197406
1028,NA,NA,NA,NA,NA,NA,NA,0.995365145807219,0.939959604043339
1029,NA,NA,NA,NA,NA,NA,NA,0.996578957716635,0.972113415438422
1030,NA,NA,NA,NA,NA,NA,NA,0.996578957716635,0.972113415438422
1031,NA,NA,NA,NA,NA,NA,NA,0.268853317184348,0.869731575940966
1032,NA,NA,NA,NA,NA,NA,NA,0.882241155050331,0.833889269847745
1033,NA,NA,NA,NA,NA,NA,NA,0.851073229952516,0.872853237046463
1034,NA,NA,NA,NA,NA,NA,NA,0.931892457272175,0.866763772697012
1035,NA,NA,NA,NA,NA,NA,NA,0.933198167458028,0.884832216966428
1036,NA,NA,NA,NA,NA,NA,NA,0.971084538864448,0.904434685396019
1037,NA,NA,NA,NA,NA,NA,NA,0.976709066193033,0.911586256037061
1038,NA,NA,NA,NA,NA,NA,NA,0.977092070253273,0.940864414228006
1039,NA,NA,NA,NA,NA,NA,NA,0.977092070253273,0.940864414228006
1040,NA,NA,NA,NA,NA,NA,NA,0.388527709140073,0.659957400551683
1041,NA,NA,NA,NA,NA,NA,NA,0.944161054702852,0.767693386935112
1042,NA,NA,NA,NA,NA,NA,NA,0.974332888229971,0.78012617463848
1043,NA,NA,NA,NA,NA,NA,NA,0.987628664574559,0.789678428380936
1044,NA,NA,NA,NA,NA,NA,NA,0.982954275834342,0.745595207650214
1045,NA,NA,NA,NA,NA,NA,NA,0.981368693525185,0.731073753174355
1046,NA,NA,NA,NA,NA,NA,NA,0.972335083073853,0.663393245014368
1047,NA,NA,NA,NA,NA,NA,NA,0.972335083073853,0.663393245014368
1048,NA,NA,NA,NA,NA,NA,NA,0.315528574305094,0.774435198773876
1049,NA,NA,NA,NA,NA,NA,NA,0.964179023506115,0.829843495671399
1050,NA,NA,NA,NA,NA,NA,NA,0.960589437842552,0.834432549829555
1051,NA,NA,NA,NA,NA,NA,NA,0.96967305557872,0.750997158394504
1052,NA,NA,NA,NA,NA,NA,NA,0.945903756886956,0.717270918057351
1053,NA,NA,NA,NA,NA,NA,NA,0.953646960535222,0.707459863247461
1054,NA,NA,NA,NA,NA,NA,NA,0.953646960535222,0.707459863247461
1055,NA,NA,NA,NA,NA,NA,NA,0.407979249653953,0.743328594500293
1056,NA,NA,NA,NA,NA,NA,NA,0.937145009097925,0.881346170887603
1057,NA,NA,NA,NA,NA,NA,NA,0.962078568435861,0.884161843240923
1058,NA,NA,NA,NA,NA,NA,NA,0.972304363566938,0.905197794645824
1059,NA,NA,NA,NA,NA,NA,NA,0.980137868617475,0.900897271735937
1060,NA,NA,NA,NA,NA,NA,NA,0.990953977589297,0.906497457356837
1061,NA,NA,NA,NA,NA,NA,NA,0.993020365824026,0.940823960197406
1062,NA,NA,NA,NA,NA,NA,NA,0.995365145807219,0.939959604043339
1063,NA,NA,NA,NA,NA,NA,NA,0.996578957716635,0.972113415438422
1064,NA,NA,NA,NA,NA,NA,NA,0.996578957716635,0.972113415438422
1065,NA,NA,NA,NA,NA,NA,NA,0.268853317184348,0.869731575940966
1066,NA,NA,NA,NA,NA,NA,NA,0.882241155050331,0.833889269847745
1067,NA,NA,NA,NA,NA,NA,NA,0.851073229952516,0.872853237046463
1068,NA,NA,NA,NA,NA,NA,NA,0.931892457272175,0.866763772697012
1069,NA,NA,NA,NA,NA,NA,NA,0.933198167458028,0.884832216966428
1070,NA,NA,NA,NA,NA,NA,NA,0.971084538864448,0.904434685396019
1071,NA,NA,NA,NA,NA,NA,NA,0.976709066193033,0.911586256037061
1072,NA,NA,NA,NA,NA,NA,NA,0.977092070253273,0.940864414228006
1073,NA,NA,NA,NA,NA,NA,NA,0.977092070253273,0.940864414228006
1074,NA,NA,NA,NA,NA,NA,NA,0.388527709140073,0.659957400551683
1075,NA,NA,NA,NA,NA,NA,NA,0.944161054702852,0.767693386935112
1076,NA,NA,NA,NA,NA,NA,NA,0.974332888229971,0.78012617463848
1077,NA,NA,NA,NA,NA,NA,NA,0.987628664574559,0.789678428380936
1078,NA,NA,NA,NA,NA,NA,NA,0.982954275834342,0.745595207650214
1079,NA,NA,NA,NA,NA,NA,NA,0.981368693525185,0.731073753174355
1080,NA,NA,NA,NA,NA,NA,NA,0.972335083073853,0.663393245014368
1081,NA,NA,NA,NA,NA,NA,NA,0.972335083073853,0.663393245014368
1082,NA,NA,NA,NA,NA,NA,NA,0.315528574305094,0.774435198773876
1083,NA,NA,NA,NA,NA,NA,NA,0.964179023506115,0.829843495671399
1084,NA,NA,NA,NA,NA,NA,NA,0.960589437842552,0.834432549829555
1085,NA,NA,NA,NA,NA,NA,NA,0.96967305557872,0.750997158394504
1086,NA,NA,NA,NA,NA,NA,NA,0.945903756886956,0.717270918057351
1087,NA,NA,NA,NA,NA,NA,NA,0.953646960535222,0.707459863247461
1088,NA,NA,NA,NA,NA,NA,NA,0.953646960535222,0.707459863247461
1089,NA,NA,NA,NA,NA,NA,NA,0.407979249653953,0.743328594500293
1090,NA,NA,NA,NA,NA,NA,NA,0.937145009097925,0.881346170887603
1091,NA,NA,NA,NA,NA,NA,NA,0.962078568435861,0.884161843240923
1092,NA,NA,NA,NA,NA,NA,NA,0.972304363566938,0.905197794645824
1093,NA,NA,NA,NA,NA,NA,NA,0.980137868617475,0.900897271735937
1094,NA,NA,NA,NA,NA,NA,NA,0.990953977589297,0.906497457356837
1095,NA,NA,NA,NA,NA,NA,NA,0.993020365824026,0.940823960197406
1096,NA,NA,NA,NA,NA,NA,NA,0.995365145807219,0.939959604043339
1097,NA,NA,NA,NA,NA,NA,NA,0.996578957716635,0.972113415438422
1098,NA,NA,NA,NA,NA,NA,NA,0.996578957716635,0.972113415438422
1099,NA,NA,NA,NA,NA,NA,NA,0.268853317184348,0.869731575940966
1100,NA,NA,NA,NA,NA,NA,NA,0.882241155050331,0.833889269847745
1101,NA,NA,NA,NA,NA,NA,NA,0.851073229952516,0.872853237046463
1102,NA,NA,NA,NA,NA,NA,NA,0.931892457272175,0.866763772697012
1103,NA,NA,NA,NA,NA,NA,NA,0.933198167458028,0.884832216966428
1104,NA,NA,NA,NA,NA,NA,NA,0.971084538864448,0.904434685396019
1105,NA,NA,NA,NA,NA,NA,NA,0.976709066193033,0.911586256037061
1106,NA,NA,NA,NA,NA,NA,NA,0.977092070253273,0.940864414228006
1107,NA,NA,NA,NA,NA,NA,NA,0.977092070253273,0.940864414228006
1108,NA,NA,NA,NA,NA,NA,NA,0.388527709140073,0.659957400551683
1109,NA,NA,NA,NA,NA,NA,NA,0.944161054702852,0.767693386935112
1110,NA,NA,NA,NA,NA,NA,NA,0.974332888229971,0.78012617463848
1111,NA,NA,NA,NA,NA,NA,NA,0.987628664574559,0.789678428380936
1112,NA,NA,NA,NA,NA,NA,NA,0.982954275834342,0.745595207650214
1113,NA,NA,NA,NA,NA,NA,NA,0.981368693525185,0.731073753174355
1114,NA,NA,NA,NA,NA,NA,NA,0.972335083073853,0.663393245014368
1115,NA,NA,NA,NA,NA,NA,NA,0.972335083073853,0.663393245014368
1116,NA,NA,NA,NA,NA,NA,NA,0.315528574305094,0.774435198773876
1117,NA,NA,NA,NA,NA,NA,NA,0.964179023506115,0.829843495671399
1118,NA,NA,NA,NA,NA,NA,NA,0.960589437842552,0.834432549829555
1119,NA,NA,NA,NA,NA,NA,NA,0.96967305557872,0.750997158394504
1120,NA,NA,NA,NA,NA,NA,NA,0.945903756886956,0.717270918057351
1121,NA,NA,NA,NA,NA,NA,NA,0.953646960535222,0.707459863247461
1122,NA,NA,NA,NA,NA,NA,NA,0.953646960535222,0.707459863247461
1123,NA,NA,NA,NA,NA,NA,NA,0.407979249653953,0.743328594500293
1124,NA,NA,NA,NA,NA,NA,NA,0.937145009097925,0.881346170887603
1125,NA,NA,NA,NA,NA,NA,NA,0.962078568435861,0.884161843240923
1126,NA,NA,NA,NA,NA,NA,NA,0.972304363566938,0.905197794645824
1127,NA,NA,NA,NA,NA,NA,NA,0.980137868617475,0.900897271735937
1128,NA,NA,NA,NA,NA,NA,NA,0.990953977589297,0.906497457356837
1129,NA,NA,NA,NA,NA,NA,NA,0.993020365824026,0.940823960197406
1130,NA,NA,NA,NA,NA,NA,NA,0.995365145807219,0.939959604043339
1131,NA,NA,NA,NA,NA,NA,NA,0.996578957716635,0.972113415438422
1132,NA,NA,NA,NA,NA,NA,NA,0.996578957716635,0.972113415438422
1133,NA,NA,NA,NA,NA,NA,NA,0.268853317184348,0.869731575940966
1134,NA,NA,NA,NA,NA,NA,NA,0.882241155050331,0.833889269847745
1135,NA,NA,NA,NA,NA,NA,NA,0.851073229952516,0.872853237046463
1136,NA,NA,NA,NA,NA,NA,NA,0.931892457272175,0.866763772697012
1137,NA,NA,NA,NA,NA,NA,NA,0.933198167458028,0.884832216966428
1138,NA,NA,NA,NA,NA,NA,NA,0.971084538864448,0.904434685396019
1139,NA,NA,NA,NA,NA,NA,NA,0.976709066193033,0.911586256037061
1140,NA,NA,NA,NA,NA,NA,NA,0.977092070253273,0.940864414228006
1141,NA,NA,NA,NA,NA,NA,NA,0.977092070253273,0.940864414228006
1142,NA,NA,NA,NA,NA,NA,NA,0.388527709140073,0.659957400551683
1143,NA,NA,NA,NA,NA,NA,NA,0.944161054702852,0.767693386935112
1144,NA,NA,NA,NA,NA,NA,NA,0.974332888229971,0.78012617463848
1145,NA,NA,NA,NA,NA,NA,NA,0.987628664574559,0.789678428380936
1146,NA,NA,NA,NA,NA,NA,NA,0.982954275834342,0.745595207650214
1147,NA,NA,NA,NA,NA,NA,NA,0.981368693525185,0.731073753174355
1148,NA,NA,NA,NA,NA,NA,NA,0.972335083073853,0.663393245014368
1149,NA,NA,NA,NA,NA,NA,NA,0.972335083073853,0.663393245014368
1150,NA,NA,NA,NA,NA,NA,NA,0.315528574305094,0.774435198773876
1151,NA,NA,NA,NA,NA,NA,NA,0.964179023506115,0.829843495671399
1152,NA,NA,NA,NA,NA,NA,NA,0.960589437842552,0.834432549829555
1153,NA,NA,NA,NA,NA,NA,NA,0.96967305557872,0.750997158394504
1154,NA,NA,NA,NA,NA,NA,NA,0.945903756886956,0.717270918057351
1155,NA,NA,NA,NA,NA,NA,NA,0.953646960535222,0.707459863247461
1156,NA,NA,NA,NA,NA,NA,NA,0.953646960535222,0.707459863247461
